id,protocol,deviceid,servertime,devicetime,fixtime,valid,latitude,longitude,altitude,speed,course,address,attributes,accuracy,network
5471277,calamp,14,"2021-07-22 14:05:16","2021-07-22 12:29:00","2021-07-22 12:29:00",1,10.5964945,-71.6405161,0,0,288,NULL,"{"sat":0,"carrier":42,"rssi":0,"modem":0,"hdop":0,"input":254,"ignition":false,"status":8,"event":12,"append":0,"acc0":2080374785,"acc1":0,"acc2":3485446657,"acc3":0,"acc4":0,"acc5":0,"acc6":0,"acc7":0,"acc8":0,"acc9":0,"acc10":0,"acc11":0,"acc12":0,"acc13":0,"acc14":0,"acc15":0,"distance":0.0,"totalDistance":0.0,"motion":false}",0,null
5471278,calamp,14,"2021-07-22 14:05:17","2021-07-22 12:29:11","2021-07-22 12:29:11",1,10.5964945,-71.6405161,0,0,288,NULL,"{"sat":0,"carrier":42,"rssi":-81,"modem":70,"hdop":0,"input":254,"ignition":false,"status":8,"event":70,"append":0,"acc0":2080374785,"acc1":0,"distance":0.0,"totalDistance":0.0,"motion":false}",0,null
5471279,calamp,14,"2021-07-22 14:05:17","2021-07-22 12:29:21","2021-07-22 12:29:21",1,10.5964945,-71.6405161,0,0,288,NULL,"{"sat":0,"carrier":42,"rssi":-81,"modem":70,"hdop":0,"input":254,"ignition":false,"status":8,"event":70,"append":0,"acc0":2080374785,"acc1":0,"distance":0.0,"totalDistance":0.0,"motion":false}",0,null
5471280,calamp,14,"2021-07-22 14:05:17","2021-07-22 12:29:31","2021-07-22 12:29:31",1,10.5964945,-71.6405161,0,0,288,NULL,"{"sat":0,"carrier":42,"rssi":-81,"modem":70,"hdop":0,"input":254,"ignition":false,"status":8,"event":70,"append":0,"acc0":2080374785,"acc1":0,"distance":0.0,"totalDistance":0.0,"motion":false}",0,null
5471281,calamp,14,"2021-07-22 14:05:18","2021-07-22 12:29:41","2021-07-22 12:29:41",1,10.5964945,-71.6405161,0,0,288,NULL,"{"sat":0,"carrier":42,"rssi":-75,"modem":79,"hdop":0,"input":254,"ignition":false,"status":8,"event":70,"append":0,"acc0":2080374785,"acc1":0,"distance":0.0,"totalDistance":0.0,"motion":false}",0,null
5471282,calamp,14,"2021-07-22 14:05:18","2021-07-22 12:29:51","2021-07-22 12:29:51",1,10.5964945,-71.6405161,0,0,288,NULL,"{"sat":0,"carrier":42,"rssi":-81,"modem":79,"hdop":0,"input":254,"ignition":false,"status":8,"event":70,"append":0,"acc0":2080374785,"acc1":0,"distance":0.0,"totalDistance":0.0,"motion":false}",0,null
5471283,calamp,14,"2021-07-22 14:05:19","2021-07-22 12:30:01","2021-07-22 12:30:01",1,10.5964945,-71.6405161,0,0,288,NULL,"{"sat":0,"carrier":42,"rssi":-81,"modem":79,"hdop":0,"input":254,"ignition":false,"status":8,"event":70,"append":0,"acc0":2080374785,"acc1":0,"distance":0.0,"totalDistance":0.0,"motion":false}",0,null
5471284,calamp,14,"2021-07-22 14:05:19","2021-07-22 12:30:11","2021-07-22 12:30:11",1,10.5964945,-71.6405161,0,0,288,NULL,"{"sat":0,"carrier":42,"rssi":-81,"modem":79,"hdop":0,"input":254,"ignition":false,"status":8,"event":70,"append":0,"acc0":2080374785,"acc1":0,"distance":0.0,"totalDistance":0.0,"motion":false}",0,null
5471285,calamp,14,"2021-07-22 14:05:19","2021-07-22 12:30:21","2021-07-22 12:30:21",1,10.5964945,-71.6405161,0,0,288,NULL,"{"sat":0,"carrier":42,"rssi":-81,"modem":79,"hdop":0,"input":254,"ignition":false,"status":8,"event":70,"append":0,"acc0":2080374785,"acc1":0,"distance":0.0,"totalDistance":0.0,"motion":false}",0,null
5471287,calamp,14,"2021-07-22 14:05:20","2021-07-22 12:30:31","2021-07-22 12:30:31",1,10.5964945,-71.6405161,0,0,288,NULL,"{"sat":0,"carrier":42,"rssi":-81,"modem":79,"hdop":0,"input":254,"ignition":false,"status":8,"event":70,"append":0,"acc0":2080374785,"acc1":0,"distance":0.0,"totalDistance":0.0,"motion":false}",0,null
5471288,calamp,14,"2021-07-22 14:05:21","2021-07-22 12:30:41","2021-07-22 12:30:41",1,10.5964945,-71.6405161,0,0,288,NULL,"{"sat":0,"carrier":42,"rssi":-81,"modem":79,"hdop":0,"input":254,"ignition":false,"status":8,"event":70,"append":0,"acc0":2080374785,"acc1":0,"distance":0.0,"totalDistance":0.0,"motion":false}",0,null
5471289,calamp,14,"2021-07-22 14:05:21","2021-07-22 12:30:51","2021-07-22 12:30:51",1,10.5964945,-71.6405161,0,0,288,NULL,"{"sat":0,"carrier":42,"rssi":-81,"modem":79,"hdop":0,"input":254,"ignition":false,"status":8,"event":70,"append":0,"acc0":2080374785,"acc1":0,"distance":0.0,"totalDistance":0.0,"motion":false}",0,null
5471290,calamp,14,"2021-07-22 14:05:22","2021-07-22 12:31:04","2021-07-22 12:31:04",1,10.5965106,-71.6406025,10.92,0.0971922,282,NULL,"{"sat":5,"carrier":42,"rssi":-81,"modem":79,"hdop":17,"input":254,"ignition":false,"status":0,"event":70,"append":0,"acc0":2080374785,"acc1":0,"distance":9.62,"totalDistance":9.62,"motion":true}",0,null
5471291,calamp,14,"2021-07-22 14:05:22","2021-07-22 12:31:14","2021-07-22 12:31:14",1,10.5965016,-71.6405841,16.12,0.0971922,282,NULL,"{"sat":5,"carrier":42,"rssi":-81,"modem":79,"hdop":17,"input":254,"ignition":false,"status":0,"event":70,"append":0,"acc0":2080374785,"acc1":0,"distance":2.25,"totalDistance":11.87,"motion":true}",0,null
5471292,calamp,14,"2021-07-22 14:05:23","2021-07-22 12:31:24","2021-07-22 12:31:24",1,10.5964945,-71.6405783,22.38,0,282,NULL,"{"sat":6,"carrier":42,"rssi":-81,"modem":79,"hdop":15,"input":254,"ignition":false,"status":0,"event":70,"append":0,"acc0":2080374785,"acc1":0,"distance":1.01,"totalDistance":12.88,"motion":false}",0,null
5471293,calamp,14,"2021-07-22 14:05:23","2021-07-22 12:31:33","2021-07-22 12:31:33",1,10.596482799999999,-71.64056409999999,25.66,0.0388769,282,NULL,"{"sat":7,"carrier":42,"rssi":-81,"modem":79,"hdop":10,"input":254,"ignition":false,"status":0,"event":60,"append":0,"acc0":2080374785,"acc1":0,"acc2":3485446657,"acc3":0,"acc4":0,"acc5":0,"acc6":0,"acc7":0,"acc8":0,"acc9":0,"acc10":0,"acc11":0,"acc12":0,"acc13":0,"acc14":0,"acc15":0,"distance":2.03,"totalDistance":14.91,"motion":true}",0,null
5471294,calamp,14,"2021-07-22 14:05:23","2021-07-22 12:31:34","2021-07-22 12:31:34",1,10.5964823,-71.6405638,25.86,0,282,NULL,"{"sat":7,"carrier":42,"rssi":-81,"modem":79,"hdop":10,"input":254,"ignition":false,"status":0,"event":70,"append":0,"acc0":2080374785,"acc1":0,"distance":0.06,"totalDistance":14.97,"motion":false}",0,null
5471295,calamp,14,"2021-07-22 14:05:24","2021-07-22 12:31:44","2021-07-22 12:31:44",1,10.5964805,-71.6405673,27.55,0.0388769,282,NULL,"{"sat":7,"carrier":42,"rssi":-81,"modem":79,"hdop":10,"input":254,"ignition":false,"status":0,"event":70,"append":0,"acc0":2080374785,"acc1":0,"distance":0.43,"totalDistance":15.4,"motion":true}",0,null
5471296,calamp,14,"2021-07-22 14:05:24","2021-07-22 12:31:54","2021-07-22 12:31:54",1,10.5964718,-71.6405643,27.02,0,282,NULL,"{"sat":7,"carrier":42,"rssi":-81,"modem":79,"hdop":10,"input":254,"ignition":false,"status":0,"event":70,"append":0,"acc0":2080374785,"acc1":0,"distance":1.02,"totalDistance":16.42,"motion":false}",0,null
5471297,calamp,14,"2021-07-22 14:05:25","2021-07-22 12:31:59","2021-07-22 12:31:59",1,10.5964668,-71.6405636,27.64,0.0388769,282,NULL,"{"sat":7,"carrier":42,"rssi":-81,"modem":79,"hdop":10,"input":255,"ignition":true,"status":0,"event":21,"append":0,"acc0":2080374785,"distance":0.56,"totalDistance":16.98,"motion":true}",0,null
5471298,calamp,14,"2021-07-22 14:05:26","2021-07-22 12:32:18","2021-07-22 12:32:18",1,10.596442999999999,-71.6405515,33.64,0.0388769,157,NULL,"{"sat":7,"carrier":42,"rssi":-81,"modem":79,"hdop":9,"input":254,"ignition":false,"status":0,"event":20,"append":0,"acc0":2080374785,"distance":2.96,"totalDistance":19.94,"motion":true}",0,null
5471299,calamp,14,"2021-07-22 14:05:26","2021-07-22 12:32:38","2021-07-22 12:32:38",1,10.5964183,-71.6405556,48.2,0.311015,157,NULL,"{"sat":7,"carrier":42,"rssi":-89,"modem":79,"hdop":9,"input":254,"ignition":false,"status":0,"event":70,"append":0,"acc0":2080374785,"acc1":0,"distance":2.79,"totalDistance":22.73,"motion":true}",0,null
5471300,calamp,14,"2021-07-22 14:05:26","2021-07-22 12:32:48","2021-07-22 12:32:48",1,10.596406799999999,-71.6405518,53.17,0.0388769,157,NULL,"{"sat":8,"carrier":42,"rssi":-89,"modem":79,"hdop":9,"input":254,"ignition":false,"status":0,"event":70,"append":0,"acc0":2080374785,"acc1":0,"distance":1.35,"totalDistance":24.08,"motion":true}",0,null
5471301,calamp,14,"2021-07-22 14:05:27","2021-07-22 12:32:58","2021-07-22 12:32:58",1,10.5964148,-71.6405578,52.61,0,157,NULL,"{"sat":8,"carrier":42,"rssi":-89,"modem":79,"hdop":8,"input":254,"ignition":false,"status":0,"event":70,"append":0,"acc0":2080374785,"acc1":0,"distance":1.11,"totalDistance":25.19,"motion":false}",0,null
5471302,calamp,14,"2021-07-22 14:05:27","2021-07-22 12:33:08","2021-07-22 12:33:08",1,10.5964238,-71.6405611,51.06,0.155508,157,NULL,"{"sat":9,"carrier":42,"rssi":-89,"modem":79,"hdop":8,"input":254,"ignition":false,"status":0,"event":70,"append":0,"acc0":2080374785,"acc1":0,"distance":1.06,"totalDistance":26.25,"motion":true}",0,null
5471303,calamp,14,"2021-07-22 14:05:28","2021-07-22 12:33:18","2021-07-22 12:33:18",1,10.596425799999999,-71.64055979999999,50.94,0,157,NULL,"{"sat":9,"carrier":42,"rssi":-89,"modem":79,"hdop":8,"input":254,"ignition":false,"status":0,"event":70,"append":0,"acc0":2080374785,"acc1":0,"distance":0.26,"totalDistance":26.51,"motion":false}",0,null
5471304,calamp,14,"2021-07-22 14:05:28","2021-07-22 12:33:29","2021-07-22 12:33:29",1,10.596423,-71.6405601,52.09,0.0388769,157,NULL,"{"sat":9,"carrier":42,"rssi":-89,"modem":79,"hdop":8,"input":254,"ignition":false,"status":0,"event":70,"append":0,"acc0":2080374785,"acc1":0,"distance":0.31,"totalDistance":26.82,"motion":true}",0,null
5471305,calamp,14,"2021-07-22 14:05:28","2021-07-22 12:33:39","2021-07-22 12:33:39",1,10.5964213,-71.6405588,51.61,0,157,NULL,"{"sat":10,"carrier":42,"rssi":-89,"modem":79,"hdop":8,"input":254,"ignition":false,"status":0,"event":70,"append":0,"acc0":2080374785,"acc1":0,"distance":0.24,"totalDistance":27.06,"motion":false}",0,null
5471306,calamp,14,"2021-07-22 14:05:29","2021-07-22 12:33:49","2021-07-22 12:33:49",1,10.5964213,-71.6405606,51.35,0,157,NULL,"{"sat":10,"carrier":42,"rssi":-89,"modem":79,"hdop":8,"input":254,"ignition":false,"status":0,"event":70,"append":0,"acc0":2080374785,"acc1":0,"distance":0.2,"totalDistance":27.26,"motion":false}",0,null
5471307,calamp,14,"2021-07-22 14:05:29","2021-07-22 12:33:59","2021-07-22 12:33:59",1,10.5964203,-71.6405558,50.54,0,157,NULL,"{"sat":10,"carrier":42,"rssi":-89,"modem":79,"hdop":8,"input":254,"ignition":false,"status":0,"event":70,"append":0,"acc0":2080374785,"acc1":0,"distance":0.54,"totalDistance":27.8,"motion":false}",0,null
5471309,calamp,14,"2021-07-22 14:05:30","2021-07-22 12:34:03","2021-07-22 12:34:03",1,10.59642,-71.64055309999999,50.61,0,157,NULL,"{"sat":10,"carrier":42,"rssi":-89,"modem":79,"hdop":9,"input":254,"ignition":false,"status":0,"event":60,"append":0,"acc0":2080374785,"acc1":0,"acc2":3485446657,"acc3":0,"acc4":0,"acc5":0,"acc6":0,"acc7":0,"acc8":0,"acc9":0,"acc10":0,"acc11":0,"acc12":0,"acc13":0,"acc14":0,"acc15":0,"distance":0.3,"totalDistance":28.1,"motion":false}",0,null
5471310,calamp,14,"2021-07-22 14:05:30","2021-07-22 12:34:09","2021-07-22 12:34:09",1,10.596423099999999,-71.6405541,51.61,0,157,NULL,"{"sat":10,"carrier":42,"rssi":-89,"modem":79,"hdop":8,"input":254,"ignition":false,"status":0,"event":70,"append":0,"acc0":2080374785,"acc1":0,"distance":0.36,"totalDistance":28.46,"motion":false}",0,null
5471311,calamp,14,"2021-07-22 14:05:31","2021-07-22 12:34:19","2021-07-22 12:34:19",1,10.596436299999999,-71.6405596,51.51,0.0388769,157,NULL,"{"sat":10,"carrier":42,"rssi":-89,"modem":79,"hdop":8,"input":254,"ignition":false,"status":0,"event":70,"append":0,"acc0":2080374785,"acc1":0,"distance":1.59,"totalDistance":30.05,"motion":true}",0,null
5471312,calamp,14,"2021-07-22 14:05:31","2021-07-22 12:34:29","2021-07-22 12:34:29",1,10.5964466,-71.64057,50.32,0.0388769,157,NULL,"{"sat":9,"carrier":42,"rssi":-89,"modem":79,"hdop":8,"input":254,"ignition":false,"status":0,"event":70,"append":0,"acc0":2080374785,"acc1":0,"distance":1.62,"totalDistance":31.67,"motion":true}",0,null
5471313,calamp,14,"2021-07-22 14:05:31","2021-07-22 12:34:39","2021-07-22 12:34:39",1,10.5964456,-71.6405718,49.96,0.0388769,157,NULL,"{"sat":8,"carrier":42,"rssi":-89,"modem":79,"hdop":8,"input":254,"ignition":false,"status":0,"event":70,"append":0,"acc0":2080374785,"acc1":0,"distance":0.23,"totalDistance":31.9,"motion":true}",0,null
5471314,calamp,14,"2021-07-22 14:05:32","2021-07-22 12:34:45","2021-07-22 12:34:45",1,10.5964443,-71.6405781,49.36,0.0971922,157,NULL,"{"sat":10,"carrier":42,"rssi":-89,"modem":79,"hdop":8,"input":254,"ignition":false,"status":0,"event":83,"append":0,"acc0":2080374785,"acc1":0,"acc2":3485446657,"acc3":0,"acc4":0,"acc5":0,"acc6":0,"acc7":0,"acc8":0,"acc9":0,"acc10":0,"acc11":0,"acc12":0,"acc13":0,"acc14":0,"acc15":0,"distance":0.7,"totalDistance":32.6,"motion":true}",0,null
5471315,calamp,14,"2021-07-22 14:05:32","2021-07-22 12:34:49","2021-07-22 12:34:49",1,10.5964428,-71.6405815,48.72,0.0388769,157,NULL,"{"sat":9,"carrier":42,"rssi":-89,"modem":79,"hdop":8,"input":254,"ignition":false,"status":0,"event":70,"append":0,"acc0":2080374785,"acc1":0,"distance":0.41,"totalDistance":33.01,"motion":true}",0,null
5471316,calamp,14,"2021-07-22 14:05:33","2021-07-22 12:34:59","2021-07-22 12:34:59",1,10.596439499999999,-71.6405805,48.77,0.0388769,157,NULL,"{"sat":9,"carrier":42,"rssi":-95,"modem":79,"hdop":8,"input":254,"ignition":false,"status":0,"event":70,"append":0,"acc0":2080374785,"acc1":0,"distance":0.38,"totalDistance":33.39,"motion":true}",0,null
5471317,calamp,14,"2021-07-22 14:05:33","2021-07-22 12:35:09","2021-07-22 12:35:09",1,10.596439799999999,-71.6405785,47.82,0,157,NULL,"{"sat":10,"carrier":42,"rssi":-95,"modem":79,"hdop":8,"input":254,"ignition":false,"status":0,"event":70,"append":0,"acc0":2080374785,"acc1":0,"distance":0.22,"totalDistance":33.61,"motion":false}",0,null
5471318,calamp,14,"2021-07-22 14:05:33","2021-07-22 12:35:19","2021-07-22 12:35:19",1,10.5964403,-71.6405765,47.77,0,157,NULL,"{"sat":10,"carrier":42,"rssi":-95,"modem":79,"hdop":8,"input":254,"ignition":false,"status":0,"event":70,"append":0,"acc0":2080374785,"acc1":0,"distance":0.23,"totalDistance":33.84,"motion":false}",0,null
5471320,calamp,14,"2021-07-22 14:05:34","2021-07-22 12:35:29","2021-07-22 12:35:29",1,10.5964438,-71.6405795,45.57,0.0388769,157,NULL,"{"sat":10,"carrier":42,"rssi":-95,"modem":79,"hdop":8,"input":254,"ignition":false,"status":0,"event":70,"append":0,"acc0":2080374785,"acc1":0,"distance":0.51,"totalDistance":34.35,"motion":true}",0,null
5471321,calamp,14,"2021-07-22 14:05:34","2021-07-22 12:35:39","2021-07-22 12:35:39",1,10.596449999999999,-71.6405848,41.04,0.0388769,157,NULL,"{"sat":10,"carrier":42,"rssi":-95,"modem":79,"hdop":8,"input":254,"ignition":false,"status":0,"event":70,"append":0,"acc0":2080374785,"acc1":0,"distance":0.9,"totalDistance":35.25,"motion":true}",0,null
5471322,calamp,14,"2021-07-22 14:05:34","2021-07-22 12:35:49","2021-07-22 12:35:49",1,10.5964481,-71.64058949999999,40.02,0,157,NULL,"{"sat":10,"carrier":42,"rssi":-95,"modem":79,"hdop":8,"input":254,"ignition":false,"status":0,"event":70,"append":0,"acc0":2080374785,"acc1":0,"distance":0.56,"totalDistance":35.81,"motion":false}",0,null
5471323,calamp,14,"2021-07-22 14:05:35","2021-07-22 12:35:59","2021-07-22 12:35:59",1,10.596452099999999,-71.6405896,36.74,0,157,NULL,"{"sat":11,"carrier":42,"rssi":-95,"modem":79,"hdop":7,"input":254,"ignition":false,"status":0,"event":70,"append":0,"acc0":2080374785,"acc1":0,"distance":0.45,"totalDistance":36.26,"motion":false}",0,null
5471324,calamp,14,"2021-07-22 14:05:35","2021-07-22 12:36:09","2021-07-22 12:36:09",1,10.5964558,-71.6405931,35.16,0.0388769,157,NULL,"{"sat":11,"carrier":42,"rssi":-95,"modem":79,"hdop":7,"input":254,"ignition":false,"status":0,"event":70,"append":0,"acc0":2080374785,"acc1":0,"distance":0.56,"totalDistance":36.82,"motion":true}",0,null
5471325,calamp,14,"2021-07-22 14:05:36","2021-07-22 12:36:19","2021-07-22 12:36:19",1,10.596456,-71.6405951,35.94,0.0388769,157,NULL,"{"sat":11,"carrier":42,"rssi":-95,"modem":79,"hdop":7,"input":254,"ignition":false,"status":0,"event":70,"append":0,"acc0":2080374785,"acc1":0,"distance":0.22,"totalDistance":37.04,"motion":true}",0,null
5471326,calamp,14,"2021-07-22 14:05:36","2021-07-22 12:36:29","2021-07-22 12:36:29",1,10.5964546,-71.6405978,36.62,0,157,NULL,"{"sat":11,"carrier":42,"rssi":-95,"modem":79,"hdop":7,"input":254,"ignition":false,"status":0,"event":70,"append":0,"acc0":2080374785,"acc1":0,"distance":0.33,"totalDistance":37.37,"motion":false}",0,null
5471327,calamp,14,"2021-07-22 14:05:37","2021-07-22 12:36:33","2021-07-22 12:36:33",1,10.5964545,-71.64059979999999,35.98,0.0971922,157,NULL,"{"sat":10,"carrier":42,"rssi":-95,"modem":79,"hdop":8,"input":254,"ignition":false,"status":0,"event":60,"append":0,"acc0":2080374785,"acc1":0,"acc2":3485446657,"acc3":0,"acc4":0,"acc5":0,"acc6":0,"acc7":0,"acc8":0,"acc9":0,"acc10":0,"acc11":0,"acc12":0,"acc13":0,"acc14":0,"acc15":0,"distance":0.22,"totalDistance":37.59,"motion":true}",0,null
5471328,calamp,14,"2021-07-22 14:05:38","2021-07-22 12:36:39","2021-07-22 12:36:39",1,10.5964561,-71.64060309999999,34.37,0.0388769,157,NULL,"{"sat":10,"carrier":42,"rssi":-83,"modem":79,"hdop":8,"input":254,"ignition":false,"status":0,"event":70,"append":0,"acc0":2080374785,"acc1":0,"distance":0.4,"totalDistance":37.99,"motion":true}",0,null
5471329,calamp,14,"2021-07-22 14:05:38","2021-07-22 12:36:50","2021-07-22 12:36:50",1,10.596459099999999,-71.6406086,30.6,0.0388769,157,NULL,"{"sat":10,"carrier":42,"rssi":-83,"modem":79,"hdop":8,"input":254,"ignition":false,"status":0,"event":70,"append":0,"acc0":2080374785,"acc1":0,"distance":0.69,"totalDistance":38.68,"motion":true}",0,null
5471330,calamp,14,"2021-07-22 14:05:39","2021-07-22 12:37:00","2021-07-22 12:37:00",1,10.5964636,-71.6406076,29.64,0.0388769,157,NULL,"{"sat":10,"carrier":42,"rssi":-83,"modem":79,"hdop":8,"input":254,"ignition":false,"status":0,"event":70,"append":0,"acc0":2080374785,"acc1":0,"distance":0.51,"totalDistance":39.19,"motion":true}",0,null
5471331,calamp,14,"2021-07-22 14:05:39","2021-07-22 12:37:10","2021-07-22 12:37:10",1,10.5964691,-71.6406021,29.33,0.0388769,157,NULL,"{"sat":11,"carrier":42,"rssi":-83,"modem":79,"hdop":8,"input":254,"ignition":false,"status":0,"event":70,"append":0,"acc0":2080374785,"acc1":0,"distance":0.86,"totalDistance":40.05,"motion":true}",0,null
5471332,calamp,14,"2021-07-22 14:05:39","2021-07-22 12:37:18","2021-07-22 12:37:18",1,10.596472799999999,-71.64059379999999,29.34,0,157,NULL,"{"sat":11,"carrier":42,"rssi":-83,"modem":79,"hdop":8,"input":254,"ignition":false,"status":0,"event":40,"append":0,"acc0":2080374785,"acc1":0,"acc2":3485446657,"acc3":0,"acc4":0,"acc5":0,"acc6":0,"acc7":0,"acc8":0,"acc9":0,"acc10":0,"acc11":0,"acc12":0,"acc13":0,"acc14":0,"acc15":0,"distance":1.0,"totalDistance":41.05,"motion":false}",0,null
5471334,calamp,14,"2021-07-22 14:05:40","2021-07-22 12:43:39","2021-07-22 12:43:39",1,10.5964755,-71.640593,0,0,157,NULL,"{"sat":0,"carrier":42,"rssi":0,"modem":0,"hdop":0,"input":255,"ignition":true,"status":8,"event":12,"append":0,"acc0":2080374785,"acc1":0,"acc2":3485446657,"acc3":0,"acc4":0,"acc5":0,"acc6":0,"acc7":0,"acc8":0,"acc9":0,"acc10":0,"acc11":0,"acc12":0,"acc13":0,"acc14":0,"acc15":0,"distance":0.31,"totalDistance":41.36,"motion":false}",0,null
5471335,calamp,14,"2021-07-22 14:05:40","2021-07-22 12:43:39","2021-07-22 12:43:39",1,10.5964755,-71.640593,0,0,157,NULL,"{"sat":0,"carrier":42,"rssi":0,"modem":0,"hdop":0,"input":255,"ignition":true,"status":8,"event":21,"append":0,"acc0":2080374785,"distance":0.0,"totalDistance":41.36,"motion":false}",0,null
5471336,calamp,14,"2021-07-22 14:05:41","2021-07-22 12:43:41","2021-07-22 12:43:41",1,10.5964755,-71.640593,0,0,157,NULL,"{"sat":0,"carrier":42,"rssi":0,"modem":0,"hdop":0,"input":254,"ignition":false,"status":8,"event":83,"append":0,"acc0":2080374785,"acc1":0,"acc2":3485446657,"acc3":0,"acc4":0,"acc5":0,"acc6":0,"acc7":0,"acc8":0,"acc9":0,"acc10":0,"acc11":0,"acc12":0,"acc13":0,"acc14":0,"acc15":0,"distance":0.0,"totalDistance":41.36,"motion":false}",0,null
5471337,calamp,14,"2021-07-22 14:05:42","2021-07-22 12:43:47","2021-07-22 12:43:47",1,10.5964755,-71.640593,0,0,157,NULL,"{"sat":0,"carrier":42,"rssi":-83,"modem":70,"hdop":0,"input":255,"ignition":true,"status":8,"event":84,"append":0,"acc0":2080374785,"acc1":0,"acc2":3485446657,"acc3":0,"acc4":0,"acc5":0,"acc6":0,"acc7":0,"acc8":0,"acc9":0,"acc10":0,"acc11":0,"acc12":0,"acc13":0,"acc14":0,"acc15":0,"distance":0.0,"totalDistance":41.36,"motion":false}",0,null
5471338,calamp,14,"2021-07-22 14:05:42","2021-07-22 12:44:17","2021-07-22 12:44:17",1,10.5964755,-71.640593,0,0,157,NULL,"{"sat":0,"carrier":42,"rssi":-83,"modem":79,"hdop":0,"input":255,"ignition":true,"status":8,"event":70,"append":0,"acc0":2080374785,"acc1":0,"distance":0.0,"totalDistance":41.36,"motion":false,"hours":30000}",0,null
5471339,calamp,14,"2021-07-22 14:05:43","2021-07-22 12:44:47","2021-07-22 12:44:47",1,10.5964755,-71.640593,0,0,157,NULL,"{"sat":0,"carrier":42,"rssi":-89,"modem":79,"hdop":0,"input":255,"ignition":true,"status":8,"event":70,"append":0,"acc0":2080374785,"acc1":0,"distance":0.0,"totalDistance":41.36,"motion":false,"hours":60000}",0,null
5471340,calamp,14,"2021-07-22 14:05:43","2021-07-22 12:45:17","2021-07-22 12:45:17",1,10.5964755,-71.640593,0,0,157,NULL,"{"sat":0,"carrier":42,"rssi":-89,"modem":79,"hdop":0,"input":255,"ignition":true,"status":8,"event":70,"append":0,"acc0":2080374785,"acc1":0,"distance":0.0,"totalDistance":41.36,"motion":false,"hours":90000}",0,null
5471341,calamp,14,"2021-07-22 14:05:43","2021-07-22 12:45:47","2021-07-22 12:45:47",1,10.5964755,-71.640593,0,0,157,NULL,"{"sat":0,"carrier":42,"rssi":-89,"modem":79,"hdop":0,"input":255,"ignition":true,"status":8,"event":70,"append":0,"acc0":2080374785,"acc1":0,"distance":0.0,"totalDistance":41.36,"motion":false,"hours":120000}",0,null
5471342,calamp,14,"2021-07-22 14:05:44","2021-07-22 12:46:11","2021-07-22 12:46:11",1,10.5964906,-71.6404186,24.25,0.0388769,344,NULL,"{"sat":7,"carrier":42,"rssi":-89,"modem":79,"hdop":11,"input":255,"ignition":true,"status":0,"event":60,"append":0,"acc0":2080374786,"acc1":0,"acc2":3485446657,"acc3":0,"acc4":0,"acc5":0,"acc6":0,"acc7":0,"acc8":0,"acc9":0,"acc10":0,"acc11":0,"acc12":0,"acc13":0,"acc14":0,"acc15":0,"distance":19.16,"totalDistance":60.52,"motion":true,"hours":144000}",0,null
5471343,calamp,14,"2021-07-22 14:05:45","2021-07-22 12:46:11","2021-07-22 12:46:11",1,10.5964906,-71.64041929999999,24.32,0,344,NULL,"{"sat":7,"carrier":42,"rssi":-89,"modem":79,"hdop":11,"input":255,"ignition":true,"status":0,"event":61,"append":0,"acc0":2080374786,"acc1":0,"acc2":3485446657,"acc3":0,"acc4":0,"acc5":0,"acc6":0,"acc7":0,"acc8":0,"acc9":0,"acc10":0,"acc11":0,"acc12":0,"acc13":0,"acc14":0,"acc15":0,"distance":0.08,"totalDistance":60.6,"motion":false,"hours":144000}",0,null
5471344,calamp,14,"2021-07-22 14:05:45","2021-07-22 12:46:39","2021-07-22 12:46:39",1,10.5964853,-71.640445,32.6,0,344,NULL,"{"sat":7,"carrier":42,"rssi":-89,"modem":79,"hdop":11,"input":255,"ignition":true,"status":0,"event":70,"append":0,"acc0":2080374786,"acc1":0,"distance":2.87,"totalDistance":63.47,"motion":false,"hours":172000}",0,null
5471345,calamp,14,"2021-07-22 14:05:46","2021-07-22 12:46:55","2021-07-22 12:46:55",1,10.5964776,-71.64044109999999,33.73,0,344,NULL,"{"sat":7,"carrier":42,"rssi":-89,"modem":79,"hdop":11,"input":254,"ignition":false,"status":0,"event":83,"append":0,"acc0":2080374786,"acc1":0,"acc2":3485446657,"acc3":0,"acc4":0,"acc5":0,"acc6":0,"acc7":0,"acc8":0,"acc9":0,"acc10":0,"acc11":0,"acc12":0,"acc13":0,"acc14":0,"acc15":0,"distance":0.96,"totalDistance":64.43,"motion":false,"hours":172000}",0,null
5471346,calamp,14,"2021-07-22 14:05:46","2021-07-22 12:47:01","2021-07-22 12:47:01",1,10.596476,-71.6404446,33.86,0,344,NULL,"{"sat":8,"carrier":42,"rssi":-89,"modem":79,"hdop":9,"input":254,"ignition":false,"status":0,"event":84,"append":0,"acc0":2080374786,"acc1":0,"acc2":3485446657,"acc3":0,"acc4":0,"acc5":0,"acc6":0,"acc7":0,"acc8":0,"acc9":0,"acc10":0,"acc11":0,"acc12":0,"acc13":0,"acc14":0,"acc15":0,"distance":0.42,"totalDistance":64.85,"motion":false,"hours":172000}",0,null
5471347,calamp,14,"2021-07-22 14:05:47","2021-07-22 12:47:06","2021-07-22 12:47:06",1,10.596475,-71.6404483,33.81,0,344,NULL,"{"sat":8,"carrier":42,"rssi":-89,"modem":79,"hdop":9,"input":254,"ignition":false,"status":0,"event":20,"append":0,"acc0":2080374786,"distance":0.42,"totalDistance":65.27,"motion":false,"hours":172000}",0,null
5471348,calamp,14,"2021-07-22 14:05:47","2021-07-22 12:47:16","2021-07-22 12:47:16",1,10.5964761,-71.6404586,33.14,0,344,NULL,"{"sat":8,"carrier":42,"rssi":-89,"modem":79,"hdop":9,"input":254,"ignition":false,"status":0,"event":70,"append":0,"acc0":2080374786,"acc1":0,"distance":1.13,"totalDistance":66.4,"motion":false,"hours":172000}",0,null
5471349,calamp,14,"2021-07-22 14:05:48","2021-07-22 12:47:26","2021-07-22 12:47:26",1,10.5964755,-71.64046859999999,33.54,0.0388769,344,NULL,"{"sat":9,"carrier":42,"rssi":-89,"modem":79,"hdop":9,"input":254,"ignition":false,"status":0,"event":70,"append":0,"acc0":2080374786,"acc1":0,"distance":1.1,"totalDistance":67.5,"motion":true,"hours":172000}",0,null
5471350,calamp,14,"2021-07-22 14:05:48","2021-07-22 12:47:36","2021-07-22 12:47:36",1,10.596475,-71.6404708,35.54,0,344,NULL,"{"sat":9,"carrier":42,"rssi":-89,"modem":79,"hdop":9,"input":254,"ignition":false,"status":0,"event":70,"append":0,"acc0":2080374786,"acc1":0,"distance":0.25,"totalDistance":67.75,"motion":false,"hours":172000}",0,null
5471351,calamp,14,"2021-07-22 14:05:49","2021-07-22 12:47:46","2021-07-22 12:47:46",1,10.5964765,-71.6404773,35.91,0,344,NULL,"{"sat":9,"carrier":42,"rssi":-89,"modem":79,"hdop":9,"input":254,"ignition":false,"status":0,"event":70,"append":0,"acc0":2080374786,"acc1":0,"distance":0.73,"totalDistance":68.48,"motion":false,"hours":172000}",0,null
5471352,calamp,14,"2021-07-22 14:05:49","2021-07-22 12:47:56","2021-07-22 12:47:56",1,10.596477499999999,-71.6404846,37.51,0,344,NULL,"{"sat":9,"carrier":42,"rssi":-89,"modem":79,"hdop":9,"input":254,"ignition":false,"status":0,"event":70,"append":0,"acc0":2080374786,"acc1":0,"distance":0.81,"totalDistance":69.29,"motion":false,"hours":172000}",0,null
5471354,calamp,14,"2021-07-22 14:05:50","2021-07-22 12:48:06","2021-07-22 12:48:06",1,10.5964785,-71.64049279999999,38.18,0,344,NULL,"{"sat":9,"carrier":42,"rssi":-89,"modem":79,"hdop":9,"input":254,"ignition":false,"status":0,"event":70,"append":0,"acc0":2080374786,"acc1":0,"distance":0.9,"totalDistance":70.19,"motion":false,"hours":172000}",0,null
5471355,calamp,14,"2021-07-22 14:05:50","2021-07-22 12:48:16","2021-07-22 12:48:16",1,10.5964805,-71.64049709999999,36.38,0,344,NULL,"{"sat":9,"carrier":42,"rssi":-89,"modem":79,"hdop":9,"input":254,"ignition":false,"status":0,"event":70,"append":0,"acc0":2080374786,"acc1":0,"distance":0.52,"totalDistance":70.71,"motion":false,"hours":172000}",0,null
5471356,calamp,14,"2021-07-22 14:05:51","2021-07-22 12:48:26","2021-07-22 12:48:26",1,10.596483,-71.64049829999999,33.54,0,344,NULL,"{"sat":9,"carrier":42,"rssi":-89,"modem":79,"hdop":9,"input":254,"ignition":false,"status":0,"event":70,"append":0,"acc0":2080374786,"acc1":0,"distance":0.31,"totalDistance":71.02,"motion":false,"hours":172000}",0,null
5471357,calamp,14,"2021-07-22 14:05:52","2021-07-22 12:48:36","2021-07-22 12:48:36",1,10.5964826,-71.6404975,30.89,0.0388769,344,NULL,"{"sat":9,"carrier":42,"rssi":-89,"modem":79,"hdop":9,"input":254,"ignition":false,"status":0,"event":70,"append":0,"acc0":2080374786,"acc1":0,"distance":0.1,"totalDistance":71.12,"motion":true,"hours":172000}",0,null
5471358,calamp,14,"2021-07-22 14:05:52","2021-07-22 12:48:41","2021-07-22 12:48:41",1,10.596482,-71.6404956,29.62,0,344,NULL,"{"sat":9,"carrier":42,"rssi":-89,"modem":79,"hdop":9,"input":254,"ignition":false,"status":0,"event":60,"append":0,"acc0":2080374786,"acc1":0,"acc2":3485446657,"acc3":0,"acc4":0,"acc5":0,"acc6":0,"acc7":0,"acc8":0,"acc9":0,"acc10":0,"acc11":0,"acc12":0,"acc13":0,"acc14":0,"acc15":0,"distance":0.22,"totalDistance":71.34,"motion":false,"hours":172000}",0,null
5471359,calamp,14,"2021-07-22 14:05:53","2021-07-22 12:48:46","2021-07-22 12:48:46",1,10.5964823,-71.6404953,28.33,0,344,NULL,"{"sat":9,"carrier":42,"rssi":-89,"modem":79,"hdop":9,"input":254,"ignition":false,"status":0,"event":70,"append":0,"acc0":2080374786,"acc1":0,"distance":0.05,"totalDistance":71.39,"motion":false,"hours":172000}",0,null
5471360,calamp,14,"2021-07-22 14:05:54","2021-07-22 12:48:48","2021-07-22 12:48:48",1,10.596481599999999,-71.640495,28.1,0,344,NULL,"{"sat":9,"carrier":42,"rssi":-89,"modem":79,"hdop":9,"input":254,"ignition":false,"status":0,"event":83,"append":0,"acc0":2080374786,"acc1":0,"acc2":3485446657,"acc3":0,"acc4":0,"acc5":0,"acc6":0,"acc7":0,"acc8":0,"acc9":0,"acc10":0,"acc11":0,"acc12":0,"acc13":0,"acc14":0,"acc15":0,"distance":0.08,"totalDistance":71.47,"motion":false,"hours":172000}",0,null
5471361,calamp,14,"2021-07-22 14:05:54","2021-07-22 12:48:54","2021-07-22 12:48:54",1,10.596480099999999,-71.6404936,27.57,0,344,NULL,"{"sat":9,"carrier":42,"rssi":-89,"modem":79,"hdop":9,"input":254,"ignition":false,"status":0,"event":84,"append":0,"acc0":2080374786,"acc1":0,"acc2":3485446657,"acc3":0,"acc4":0,"acc5":0,"acc6":0,"acc7":0,"acc8":0,"acc9":0,"acc10":0,"acc11":0,"acc12":0,"acc13":0,"acc14":0,"acc15":0,"distance":0.23,"totalDistance":71.7,"motion":false,"hours":172000}",0,null
5471362,calamp,14,"2021-07-22 14:05:55","2021-07-22 12:48:56","2021-07-22 12:48:56",1,10.5964793,-71.6404933,27.45,0,344,NULL,"{"sat":9,"carrier":42,"rssi":-89,"modem":79,"hdop":9,"input":254,"ignition":false,"status":0,"event":70,"append":0,"acc0":2080374786,"acc1":0,"distance":0.09,"totalDistance":71.79,"motion":false,"hours":172000}",0,null
5471363,calamp,14,"2021-07-22 14:05:55","2021-07-22 12:49:06","2021-07-22 12:49:06",1,10.5964761,-71.6405001,26.37,0,344,NULL,"{"sat":9,"carrier":42,"rssi":-89,"modem":79,"hdop":9,"input":254,"ignition":false,"status":0,"event":70,"append":0,"acc0":2080374786,"acc1":0,"distance":0.82,"totalDistance":72.61,"motion":false,"hours":172000}",0,null
5471364,calamp,14,"2021-07-22 14:05:56","2021-07-22 12:49:16","2021-07-22 12:49:16",1,10.5964741,-71.6405103,25.05,0,344,NULL,"{"sat":9,"carrier":42,"rssi":-89,"modem":79,"hdop":9,"input":254,"ignition":false,"status":0,"event":70,"append":0,"acc0":2080374786,"acc1":0,"distance":1.14,"totalDistance":73.75,"motion":false,"hours":172000}",0,null
5471367,calamp,14,"2021-07-22 14:05:57","2021-07-22 12:49:26","2021-07-22 12:49:26",1,10.5964713,-71.6405178,24.32,0.0388769,344,NULL,"{"sat":9,"carrier":42,"rssi":-89,"modem":79,"hdop":9,"input":254,"ignition":false,"status":0,"event":70,"append":0,"acc0":2080374786,"acc1":0,"distance":0.88,"totalDistance":74.63,"motion":true,"hours":172000}",0,null
5471368,calamp,14,"2021-07-22 14:05:57","2021-07-22 12:49:36","2021-07-22 12:49:36",1,10.596472,-71.6405223,25.4,0.0388769,344,NULL,"{"sat":9,"carrier":42,"rssi":-83,"modem":79,"hdop":9,"input":254,"ignition":false,"status":0,"event":70,"append":0,"acc0":2080374786,"acc1":0,"distance":0.5,"totalDistance":75.13,"motion":true,"hours":172000}",0,null
5471369,calamp,14,"2021-07-22 14:05:58","2021-07-22 12:49:46","2021-07-22 12:49:46",1,10.5964733,-71.6405221,29.07,0,344,NULL,"{"sat":9,"carrier":42,"rssi":-83,"modem":79,"hdop":9,"input":254,"ignition":false,"status":0,"event":70,"append":0,"acc0":2080374786,"acc1":0,"distance":0.15,"totalDistance":75.28,"motion":false,"hours":172000}",0,null
5471370,calamp,14,"2021-07-22 14:05:58","2021-07-22 12:49:56","2021-07-22 12:49:56",1,10.596476,-71.6405221,28.2,0,344,NULL,"{"sat":9,"carrier":42,"rssi":-83,"modem":79,"hdop":9,"input":254,"ignition":false,"status":0,"event":70,"append":0,"acc0":2080374786,"acc1":0,"distance":0.3,"totalDistance":75.58,"motion":false,"hours":172000}",0,null
5471371,calamp,14,"2021-07-22 14:05:59","2021-07-22 12:50:06","2021-07-22 12:50:06",1,10.59648,-71.64052099999999,28.37,0.0388769,344,NULL,"{"sat":9,"carrier":42,"rssi":-83,"modem":79,"hdop":9,"input":254,"ignition":false,"status":0,"event":70,"append":0,"acc0":2080374786,"acc1":0,"distance":0.46,"totalDistance":76.04,"motion":true,"hours":172000}",0,null
5471372,calamp,14,"2021-07-22 14:05:59","2021-07-22 12:50:16","2021-07-22 12:50:16",1,10.5964823,-71.6405176,29.39,0.0388769,344,NULL,"{"sat":9,"carrier":42,"rssi":-83,"modem":79,"hdop":9,"input":254,"ignition":false,"status":0,"event":70,"append":0,"acc0":2080374786,"acc1":0,"distance":0.45,"totalDistance":76.49,"motion":true,"hours":172000}",0,null
5471373,calamp,14,"2021-07-22 14:06:00","2021-07-22 12:50:26","2021-07-22 12:50:26",1,10.5964885,-71.64052,29.03,0.0388769,344,NULL,"{"sat":9,"carrier":42,"rssi":-83,"modem":79,"hdop":9,"input":254,"ignition":false,"status":0,"event":70,"append":0,"acc0":2080374786,"acc1":0,"distance":0.74,"totalDistance":77.23,"motion":true,"hours":172000}",0,null
5471375,calamp,14,"2021-07-22 14:06:00","2021-07-22 12:50:36","2021-07-22 12:50:36",1,10.5964913,-71.6405253,31.3,0,344,NULL,"{"sat":9,"carrier":42,"rssi":-83,"modem":79,"hdop":9,"input":254,"ignition":false,"status":0,"event":70,"append":0,"acc0":2080374786,"acc1":0,"distance":0.66,"totalDistance":77.89,"motion":false,"hours":172000}",0,null
5471376,calamp,14,"2021-07-22 14:06:01","2021-07-22 12:50:46","2021-07-22 12:50:46",1,10.5964941,-71.6405291,33.56,0,344,NULL,"{"sat":9,"carrier":42,"rssi":-83,"modem":79,"hdop":9,"input":254,"ignition":false,"status":0,"event":70,"append":0,"acc0":2080374786,"acc1":0,"distance":0.52,"totalDistance":78.41,"motion":false,"hours":172000}",0,null
5471377,calamp,14,"2021-07-22 14:06:02","2021-07-22 12:50:50","2021-07-22 12:50:50",1,10.596493599999999,-71.6405296,34.62,0.0388769,344,NULL,"{"sat":9,"carrier":42,"rssi":-83,"modem":79,"hdop":9,"input":254,"ignition":false,"status":0,"event":83,"append":0,"acc0":2080374786,"acc1":0,"acc2":3485446657,"acc3":0,"acc4":0,"acc5":0,"acc6":0,"acc7":0,"acc8":0,"acc9":0,"acc10":0,"acc11":0,"acc12":0,"acc13":0,"acc14":0,"acc15":0,"distance":0.08,"totalDistance":78.49,"motion":true,"hours":172000}",0,null
5471378,calamp,14,"2021-07-22 14:06:03","2021-07-22 12:50:53","2021-07-22 12:50:53",1,10.596492999999999,-71.6405285,35.71,0.0388769,344,NULL,"{"sat":9,"carrier":42,"rssi":-83,"modem":79,"hdop":9,"input":254,"ignition":false,"status":0,"event":84,"append":0,"acc0":2080374786,"acc1":0,"acc2":3485446657,"acc3":0,"acc4":0,"acc5":0,"acc6":0,"acc7":0,"acc8":0,"acc9":0,"acc10":0,"acc11":0,"acc12":0,"acc13":0,"acc14":0,"acc15":0,"distance":0.14,"totalDistance":78.63,"motion":true,"hours":172000}",0,null
5471379,calamp,14,"2021-07-22 14:06:03","2021-07-22 12:50:56","2021-07-22 12:50:56",1,10.596491799999999,-71.6405261,36.94,0,344,NULL,"{"sat":9,"carrier":42,"rssi":-83,"modem":79,"hdop":9,"input":254,"ignition":false,"status":0,"event":70,"append":0,"acc0":2080374786,"acc1":0,"distance":0.29,"totalDistance":78.92,"motion":false,"hours":172000}",0,null
5471380,calamp,14,"2021-07-22 14:06:04","2021-07-22 12:51:06","2021-07-22 12:51:06",1,10.5964888,-71.6405118,40.65,0,344,NULL,"{"sat":9,"carrier":42,"rssi":-83,"modem":79,"hdop":9,"input":254,"ignition":false,"status":0,"event":70,"append":0,"acc0":2080374786,"acc1":0,"distance":1.6,"totalDistance":80.52,"motion":false,"hours":172000}",0,null
5471381,calamp,14,"2021-07-22 14:06:05","2021-07-22 12:51:11","2021-07-22 12:51:11",1,10.596487,-71.64050449999999,42.36,0,344,NULL,"{"sat":9,"carrier":42,"rssi":-83,"modem":79,"hdop":9,"input":254,"ignition":false,"status":0,"event":60,"append":0,"acc0":2080374786,"acc1":0,"acc2":3485446657,"acc3":0,"acc4":0,"acc5":0,"acc6":0,"acc7":0,"acc8":0,"acc9":0,"acc10":0,"acc11":0,"acc12":0,"acc13":0,"acc14":0,"acc15":0,"distance":0.82,"totalDistance":81.34,"motion":false,"hours":172000}",0,null
5471382,calamp,14,"2021-07-22 14:06:05","2021-07-22 12:51:16","2021-07-22 12:51:16",1,10.5964855,-71.64049659999999,44.39,0.0388769,344,NULL,"{"sat":9,"carrier":42,"rssi":-83,"modem":79,"hdop":9,"input":254,"ignition":false,"status":0,"event":70,"append":0,"acc0":2080374786,"acc1":0,"distance":0.88,"totalDistance":82.22,"motion":true,"hours":172000}",0,null
5471383,calamp,14,"2021-07-22 14:06:05","2021-07-22 12:51:26","2021-07-22 12:51:26",1,10.596487,-71.64049659999999,47.03,0,344,NULL,"{"sat":9,"carrier":42,"rssi":-83,"modem":79,"hdop":9,"input":254,"ignition":false,"status":0,"event":70,"append":0,"acc0":2080374786,"acc1":0,"distance":0.17,"totalDistance":82.39,"motion":false,"hours":172000}",0,null
5471384,calamp,14,"2021-07-22 14:06:06","2021-07-22 12:51:36","2021-07-22 12:51:36",1,10.5964856,-71.640498,48.18,0,344,NULL,"{"sat":9,"carrier":42,"rssi":-83,"modem":79,"hdop":9,"input":254,"ignition":false,"status":0,"event":70,"append":0,"acc0":2080374786,"acc1":0,"distance":0.22,"totalDistance":82.61,"motion":false,"hours":172000}",0,null
5471385,calamp,14,"2021-07-22 14:06:06","2021-07-22 12:51:47","2021-07-22 12:51:47",1,10.5964893,-71.6405083,46.01,0,344,NULL,"{"sat":8,"carrier":42,"rssi":-83,"modem":79,"hdop":11,"input":254,"ignition":false,"status":0,"event":70,"append":0,"acc0":2080374786,"acc1":0,"distance":1.2,"totalDistance":83.81,"motion":false,"hours":172000}",0,null
5471386,calamp,14,"2021-07-22 14:06:07","2021-07-22 12:51:57","2021-07-22 12:51:57",1,10.596490099999999,-71.6405168,45.81,0.0388769,344,NULL,"{"sat":9,"carrier":42,"rssi":-83,"modem":79,"hdop":9,"input":254,"ignition":false,"status":0,"event":70,"append":0,"acc0":2080374786,"acc1":0,"distance":0.93,"totalDistance":84.74,"motion":true,"hours":172000}",0,null
5471387,calamp,14,"2021-07-22 14:06:08","2021-07-22 12:52:06","2021-07-22 12:52:06",1,10.5964926,-71.6405235,47.01,0,344,NULL,"{"sat":9,"carrier":42,"rssi":-83,"modem":79,"hdop":9,"input":254,"ignition":false,"status":0,"event":40,"append":0,"acc0":2080374786,"acc1":0,"acc2":3485446657,"acc3":0,"acc4":0,"acc5":0,"acc6":0,"acc7":0,"acc8":0,"acc9":0,"acc10":0,"acc11":0,"acc12":0,"acc13":0,"acc14":0,"acc15":0,"distance":0.78,"totalDistance":85.52,"motion":false,"hours":172000}",0,null
5471388,calamp,14,"2021-07-22 14:06:09","2021-07-22 14:05:03","2021-07-22 14:05:03",1,10.5967971,-71.64042549999999,18.37,0.155508,0,NULL,"{"sat":4,"carrier":42,"rssi":0,"modem":0,"hdop":20,"input":254,"ignition":false,"status":0,"event":12,"append":0,"acc0":2080374786,"acc1":0,"acc2":3485446657,"acc3":0,"acc4":0,"acc5":0,"acc6":0,"acc7":0,"acc8":0,"acc9":0,"acc10":0,"acc11":0,"acc12":0,"acc13":0,"acc14":0,"acc15":0,"distance":35.55,"totalDistance":121.07,"motion":true,"hours":172000}",0,null
5471389,calamp,14,"2021-07-22 14:06:09","2021-07-22 14:05:13","2021-07-22 14:05:13",1,10.5967985,-71.64043649999999,16.64,0.0971922,0,NULL,"{"sat":4,"carrier":42,"rssi":-89,"modem":70,"hdop":20,"input":254,"ignition":false,"status":0,"event":70,"append":0,"acc0":2080374786,"acc1":0,"distance":1.21,"totalDistance":122.28,"motion":true,"hours":172000}",0,null
5471390,calamp,14,"2021-07-22 14:06:10","2021-07-22 14:05:23","2021-07-22 14:05:23",1,10.5967913,-71.6403828,34.88,0,0,NULL,"{"sat":6,"carrier":42,"rssi":-89,"modem":79,"hdop":17,"input":254,"ignition":false,"status":0,"event":70,"append":0,"acc0":2080374786,"acc1":0,"distance":5.93,"totalDistance":128.21,"motion":false,"hours":172000}",0,null
5471392,calamp,14,"2021-07-22 14:06:10","2021-07-22 14:05:33","2021-07-22 14:05:33",1,10.5967928,-71.64036,43.54,0,0,NULL,"{"sat":7,"carrier":42,"rssi":-89,"modem":79,"hdop":13,"input":254,"ignition":false,"status":0,"event":70,"append":0,"acc0":2080374786,"acc1":0,"distance":2.5,"totalDistance":130.71,"motion":false,"hours":172000}",0,null
5471393,calamp,14,"2021-07-22 14:06:11","2021-07-22 14:05:43","2021-07-22 14:05:43",1,10.596794599999999,-71.64033979999999,47.41,0,0,NULL,"{"sat":7,"carrier":42,"rssi":-89,"modem":79,"hdop":13,"input":254,"ignition":false,"status":0,"event":70,"append":0,"acc0":2080374786,"acc1":0,"distance":2.22,"totalDistance":132.93,"motion":false,"hours":172000}",0,null
5471394,calamp,14,"2021-07-22 14:06:11","2021-07-22 14:05:53","2021-07-22 14:05:53",1,10.5967965,-71.64033359999999,48.63,0,0,NULL,"{"sat":8,"carrier":42,"rssi":-89,"modem":79,"hdop":12,"input":254,"ignition":false,"status":0,"event":70,"append":0,"acc0":2080374786,"acc1":0,"distance":0.71,"totalDistance":133.64,"motion":false,"hours":172000}",0,null
5471395,calamp,14,"2021-07-22 14:06:13","2021-07-22 14:06:03","2021-07-22 14:06:03",1,10.5968013,-71.6403278,46.33,0,0,NULL,"{"sat":8,"carrier":42,"rssi":-89,"modem":79,"hdop":12,"input":254,"ignition":false,"status":0,"event":70,"append":0,"acc0":2080374786,"acc1":0,"distance":0.83,"totalDistance":134.47,"motion":false,"hours":172000}",0,null
5471396,calamp,14,"2021-07-22 14:06:14","2021-07-22 14:06:13","2021-07-22 14:06:13",1,10.5968036,-71.6403168,45.79,0,0,NULL,"{"sat":8,"carrier":42,"rssi":-89,"modem":79,"hdop":12,"input":254,"ignition":false,"status":0,"event":70,"append":0,"acc0":2080374786,"acc1":0,"distance":1.23,"totalDistance":135.7,"motion":false,"hours":172000}",0,null
5471398,calamp,14,"2021-07-22 14:06:23","2021-07-22 14:06:23","2021-07-22 14:06:23",1,10.5968035,-71.640317,46.44,0.0388769,0,NULL,"{"sat":8,"carrier":42,"rssi":-83,"modem":79,"hdop":12,"input":254,"ignition":false,"status":0,"event":70,"append":0,"acc0":2080374786,"acc1":0,"distance":0.02,"totalDistance":135.72,"motion":true,"hours":172000}",0,null
5471401,calamp,14,"2021-07-22 14:06:33","2021-07-22 14:06:33","2021-07-22 14:06:33",1,10.596801099999999,-71.6403136,46.21,0,272,NULL,"{"sat":8,"carrier":42,"rssi":-83,"modem":79,"hdop":12,"input":254,"ignition":false,"status":0,"event":70,"append":0,"acc0":2080374786,"acc1":0,"distance":0.46,"totalDistance":136.18,"motion":false,"hours":172000}",0,null
5471403,calamp,14,"2021-07-22 14:06:43","2021-07-22 14:06:43","2021-07-22 14:06:43",1,10.5967988,-71.6403146,45.7,0,272,NULL,"{"sat":7,"carrier":42,"rssi":-83,"modem":79,"hdop":13,"input":254,"ignition":false,"status":0,"event":70,"append":0,"acc0":2080374786,"acc1":0,"distance":0.28,"totalDistance":136.46,"motion":false,"hours":172000}",0,null
5471407,calamp,14,"2021-07-22 14:07:08","2021-07-22 14:06:53","2021-07-22 14:06:53",1,10.596797299999999,-71.64032209999999,46.49,0,272,NULL,"{"sat":8,"carrier":42,"rssi":-83,"modem":79,"hdop":13,"input":254,"ignition":false,"status":0,"event":70,"append":0,"acc0":2080374786,"acc1":0,"distance":0.84,"totalDistance":137.3,"motion":false,"hours":172000}",0,null
5471408,calamp,14,"2021-07-22 14:07:08","2021-07-22 14:07:03","2021-07-22 14:07:03",1,10.596795799999999,-71.6403335,47.39,0.0388769,272,NULL,"{"sat":7,"carrier":42,"rssi":-83,"modem":79,"hdop":13,"input":254,"ignition":false,"status":0,"event":70,"append":0,"acc0":2080374786,"acc1":0,"distance":1.26,"totalDistance":138.56,"motion":true,"hours":172000}",0,null
5471409,calamp,14,"2021-07-22 14:07:13","2021-07-22 14:07:13","2021-07-22 14:07:13",1,10.596790799999999,-71.6403421,47.81,0,272,NULL,"{"sat":7,"carrier":42,"rssi":-83,"modem":79,"hdop":13,"input":254,"ignition":false,"status":0,"event":70,"append":0,"acc0":2080374786,"acc1":0,"distance":1.09,"totalDistance":139.65,"motion":false,"hours":172000}",0,null
5471412,calamp,14,"2021-07-22 14:07:23","2021-07-22 14:07:23","2021-07-22 14:07:23",1,10.596789,-71.64035179999999,48.42,0.0388769,272,NULL,"{"sat":8,"carrier":42,"rssi":-83,"modem":79,"hdop":13,"input":254,"ignition":false,"status":0,"event":70,"append":0,"acc0":2080374786,"acc1":0,"distance":1.08,"totalDistance":140.73,"motion":true,"hours":172000}",0,null
5471414,calamp,14,"2021-07-22 14:07:33","2021-07-22 14:07:33","2021-07-22 14:07:33",1,10.596789,-71.640359,48.58,0.0388769,272,NULL,"{"sat":8,"carrier":42,"rssi":-83,"modem":79,"hdop":12,"input":254,"ignition":false,"status":0,"event":60,"append":0,"acc0":2080374786,"acc1":0,"acc2":3485446657,"acc3":0,"acc4":0,"acc5":0,"acc6":0,"acc7":0,"acc8":0,"acc9":0,"acc10":0,"acc11":0,"acc12":0,"acc13":0,"acc14":0,"acc15":0,"distance":0.79,"totalDistance":141.52,"motion":true,"hours":172000}",0,null
5471415,calamp,14,"2021-07-22 14:07:33","2021-07-22 14:07:33","2021-07-22 14:07:33",1,10.596789,-71.6403598,48.39,0,272,NULL,"{"sat":8,"carrier":42,"rssi":-83,"modem":79,"hdop":12,"input":254,"ignition":false,"status":0,"event":70,"append":0,"acc0":2080374786,"acc1":0,"distance":0.09,"totalDistance":141.61,"motion":false,"hours":172000}",0,null
5471418,calamp,14,"2021-07-22 14:07:43","2021-07-22 14:07:43","2021-07-22 14:07:43",1,10.596791999999999,-71.6403613,47.41,0.0388769,272,NULL,"{"sat":8,"carrier":42,"rssi":-83,"modem":79,"hdop":12,"input":254,"ignition":false,"status":0,"event":70,"append":0,"acc0":2080374786,"acc1":0,"distance":0.37,"totalDistance":141.98,"motion":true,"hours":172000}",0,null
5471419,calamp,14,"2021-07-22 14:07:53","2021-07-22 14:07:53","2021-07-22 14:07:53",1,10.5967968,-71.6403606,47.41,0,272,NULL,"{"sat":9,"carrier":42,"rssi":-83,"modem":79,"hdop":12,"input":254,"ignition":false,"status":0,"event":70,"append":0,"acc0":2080374786,"acc1":0,"distance":0.54,"totalDistance":142.52,"motion":false,"hours":172000}",0,null
5471421,calamp,14,"2021-07-22 14:08:03","2021-07-22 14:08:03","2021-07-22 14:08:03",1,10.596801099999999,-71.6403641,46.92,0,272,NULL,"{"sat":9,"carrier":42,"rssi":-83,"modem":79,"hdop":12,"input":254,"ignition":false,"status":0,"event":70,"append":0,"acc0":2080374786,"acc1":0,"distance":0.61,"totalDistance":143.13,"motion":false,"hours":172000}",0,null
5471422,calamp,14,"2021-07-22 14:08:14","2021-07-22 14:08:13","2021-07-22 14:08:13",1,10.596804299999999,-71.64036279999999,47.21,0.0388769,272,NULL,"{"sat":9,"carrier":42,"rssi":-83,"modem":79,"hdop":12,"input":254,"ignition":false,"status":0,"event":70,"append":0,"acc0":2080374786,"acc1":0,"distance":0.38,"totalDistance":143.51,"motion":true,"hours":172000}",0,null
5471423,calamp,14,"2021-07-22 14:08:24","2021-07-22 14:08:23","2021-07-22 14:08:23",1,10.5968033,-71.64035129999999,48.08,0,272,NULL,"{"sat":9,"carrier":42,"rssi":-83,"modem":79,"hdop":12,"input":254,"ignition":false,"status":0,"event":70,"append":0,"acc0":2080374786,"acc1":0,"distance":1.26,"totalDistance":144.77,"motion":false,"hours":172000}",0,null
5471426,calamp,14,"2021-07-22 14:08:34","2021-07-22 14:08:33","2021-07-22 14:08:33",1,10.5968056,-71.640346,46.68,0,272,NULL,"{"sat":9,"carrier":42,"rssi":-89,"modem":79,"hdop":11,"input":254,"ignition":false,"status":0,"event":70,"append":0,"acc0":2080374786,"acc1":0,"distance":0.63,"totalDistance":145.4,"motion":false,"hours":172000}",0,null
5471427,calamp,14,"2021-07-22 14:08:43","2021-07-22 14:08:41","2021-07-22 14:08:41",1,10.596807499999999,-71.64034649999999,46.47,0.0388769,272,NULL,"{"sat":9,"carrier":42,"rssi":-89,"modem":79,"hdop":12,"input":254,"ignition":false,"status":0,"event":70,"append":0,"acc0":2080374786,"acc1":0,"distance":0.22,"totalDistance":145.62,"motion":true,"hours":172000}",0,null
5471428,calamp,14,"2021-07-22 14:08:54","2021-07-22 14:08:51","2021-07-22 14:08:51",1,10.5968086,-71.6403526,45.95,0,272,NULL,"{"sat":9,"carrier":42,"rssi":-89,"modem":79,"hdop":11,"input":254,"ignition":false,"status":0,"event":70,"append":0,"acc0":2080374786,"acc1":0,"distance":0.68,"totalDistance":146.3,"motion":false,"hours":172000}",0,null
5471430,calamp,14,"2021-07-22 14:09:08","2021-07-22 14:09:01","2021-07-22 14:09:01",1,10.596809499999999,-71.640355,45.55,0.0388769,272,NULL,"{"sat":9,"carrier":42,"rssi":-89,"modem":79,"hdop":11,"input":254,"ignition":false,"status":0,"event":70,"append":0,"acc0":2080374786,"acc1":0,"distance":0.28,"totalDistance":146.58,"motion":true,"hours":172000}",0,null
5471431,calamp,14,"2021-07-22 14:09:14","2021-07-22 14:09:12","2021-07-22 14:09:12",1,10.596817,-71.6403703,46.26,0.0388769,272,NULL,"{"sat":9,"carrier":42,"rssi":-89,"modem":79,"hdop":12,"input":254,"ignition":false,"status":0,"event":70,"append":0,"acc0":2080374786,"acc1":0,"distance":1.87,"totalDistance":148.45,"motion":true,"hours":172000}",0,null
5471432,calamp,14,"2021-07-22 14:09:24","2021-07-22 14:09:22","2021-07-22 14:09:22",1,10.596823299999999,-71.6403795,43.69,0,272,NULL,"{"sat":9,"carrier":42,"rssi":-89,"modem":79,"hdop":11,"input":254,"ignition":false,"status":0,"event":70,"append":0,"acc0":2080374786,"acc1":0,"distance":1.23,"totalDistance":149.68,"motion":false,"hours":172000}",0,null
5471434,calamp,14,"2021-07-22 14:09:34","2021-07-22 14:09:32","2021-07-22 14:09:32",1,10.5968276,-71.64037979999999,42.82,0,272,NULL,"{"sat":9,"carrier":42,"rssi":-89,"modem":79,"hdop":11,"input":254,"ignition":false,"status":0,"event":70,"append":0,"acc0":2080374786,"acc1":0,"distance":0.48,"totalDistance":150.16,"motion":false,"hours":172000}",0,null
5471435,calamp,14,"2021-07-22 14:09:44","2021-07-22 14:09:42","2021-07-22 14:09:42",1,10.596829999999999,-71.64038359999999,43.16,0,272,NULL,"{"sat":9,"carrier":42,"rssi":-89,"modem":79,"hdop":11,"input":254,"ignition":false,"status":0,"event":70,"append":0,"acc0":2080374786,"acc1":0,"distance":0.49,"totalDistance":150.65,"motion":false,"hours":172000}",0,null
5471436,calamp,14,"2021-07-22 14:09:54","2021-07-22 14:09:52","2021-07-22 14:09:52",1,10.596833,-71.6403941,44.61,0,272,NULL,"{"sat":9,"carrier":42,"rssi":-89,"modem":79,"hdop":11,"input":254,"ignition":false,"status":0,"event":70,"append":0,"acc0":2080374786,"acc1":0,"distance":1.2,"totalDistance":151.85,"motion":false,"hours":172000}",0,null
5471438,calamp,14,"2021-07-22 14:10:02","2021-07-22 14:10:01","2021-07-22 14:10:01",1,10.596832599999999,-71.64040109999999,46.33,0,272,NULL,"{"sat":9,"carrier":42,"rssi":-89,"modem":79,"hdop":11,"input":254,"ignition":false,"status":0,"event":60,"append":0,"acc0":2080374786,"acc1":0,"acc2":3485446657,"acc3":0,"acc4":0,"acc5":0,"acc6":0,"acc7":0,"acc8":0,"acc9":0,"acc10":0,"acc11":0,"acc12":0,"acc13":0,"acc14":0,"acc15":0,"distance":0.77,"totalDistance":152.62,"motion":false,"hours":172000}",0,null
5471439,calamp,14,"2021-07-22 14:10:03","2021-07-22 14:10:02","2021-07-22 14:10:02",1,10.596832599999999,-71.64040279999999,46.38,0.0388769,272,NULL,"{"sat":9,"carrier":42,"rssi":-89,"modem":79,"hdop":11,"input":254,"ignition":false,"status":0,"event":70,"append":0,"acc0":2080374786,"acc1":0,"distance":0.19,"totalDistance":152.81,"motion":true,"hours":172000}",0,null
5471440,calamp,14,"2021-07-22 14:10:14","2021-07-22 14:10:12","2021-07-22 14:10:12",1,10.5968311,-71.64041759999999,47.39,0.0388769,272,NULL,"{"sat":9,"carrier":42,"rssi":-89,"modem":79,"hdop":11,"input":254,"ignition":false,"status":0,"event":70,"append":0,"acc0":2080374786,"acc1":0,"distance":1.63,"totalDistance":154.44,"motion":true,"hours":172000}",0,null
5471443,calamp,14,"2021-07-22 14:10:24","2021-07-22 14:10:22","2021-07-22 14:10:22",1,10.5968328,-71.6404295,47.2,0,272,NULL,"{"sat":9,"carrier":42,"rssi":-89,"modem":79,"hdop":11,"input":254,"ignition":false,"status":0,"event":70,"append":0,"acc0":2080374786,"acc1":0,"distance":1.32,"totalDistance":155.76,"motion":false,"hours":172000}",0,null
5471446,calamp,14,"2021-07-22 14:10:36","2021-07-22 14:10:32","2021-07-22 14:10:32",1,10.5968381,-71.64043459999999,46.85,0,272,NULL,"{"sat":10,"carrier":42,"rssi":-89,"modem":79,"hdop":9,"input":254,"ignition":false,"status":0,"event":70,"append":0,"acc0":2080374786,"acc1":0,"distance":0.81,"totalDistance":156.57,"motion":false,"hours":172000}",0,null
5471447,calamp,14,"2021-07-22 14:10:44","2021-07-22 14:10:42","2021-07-22 14:10:42",1,10.596840499999999,-71.64043699999999,47.64,0,272,NULL,"{"sat":10,"carrier":42,"rssi":-89,"modem":79,"hdop":9,"input":254,"ignition":false,"status":0,"event":70,"append":0,"acc0":2080374786,"acc1":0,"distance":0.37,"totalDistance":156.94,"motion":false,"hours":172000}",0,null
5471448,calamp,14,"2021-07-22 14:10:54","2021-07-22 14:10:52","2021-07-22 14:10:52",1,10.596838499999999,-71.6404385,48.09,0,272,NULL,"{"sat":10,"carrier":42,"rssi":-89,"modem":79,"hdop":9,"input":254,"ignition":false,"status":0,"event":70,"append":0,"acc0":2080374786,"acc1":0,"distance":0.28,"totalDistance":157.22,"motion":false,"hours":172000}",0,null
5471453,calamp,14,"2021-07-22 14:11:04","2021-07-22 14:11:02","2021-07-22 14:11:02",1,10.5968378,-71.6404408,47.79,0.0388769,272,NULL,"{"sat":10,"carrier":42,"rssi":-89,"modem":79,"hdop":9,"input":254,"ignition":false,"status":0,"event":70,"append":0,"acc0":2080374786,"acc1":0,"distance":0.26,"totalDistance":157.48,"motion":true,"hours":172000}",0,null
5471454,calamp,14,"2021-07-22 14:11:14","2021-07-22 14:11:12","2021-07-22 14:11:12",1,10.5968386,-71.64044129999999,47.54,0,272,NULL,"{"sat":10,"carrier":42,"rssi":-89,"modem":79,"hdop":9,"input":254,"ignition":false,"status":0,"event":70,"append":0,"acc0":2080374786,"acc1":0,"distance":0.1,"totalDistance":157.58,"motion":false,"hours":172000}",0,null
5471455,calamp,14,"2021-07-22 14:11:25","2021-07-22 14:11:22","2021-07-22 14:11:22",1,10.596843,-71.6404446,48.41,0,272,NULL,"{"sat":10,"carrier":42,"rssi":-89,"modem":79,"hdop":9,"input":254,"ignition":false,"status":0,"event":70,"append":0,"acc0":2080374786,"acc1":0,"distance":0.61,"totalDistance":158.19,"motion":false,"hours":172000}",0,null
5471459,calamp,14,"2021-07-22 14:11:36","2021-07-22 14:11:32","2021-07-22 14:11:32",1,10.5968473,-71.6404448,48.41,0,272,NULL,"{"sat":10,"carrier":42,"rssi":-89,"modem":79,"hdop":9,"input":254,"ignition":false,"status":0,"event":70,"append":0,"acc0":2080374786,"acc1":0,"distance":0.48,"totalDistance":158.67,"motion":false,"hours":172000}",0,null
5471461,calamp,14,"2021-07-22 14:11:44","2021-07-22 14:11:42","2021-07-22 14:11:42",1,10.5968505,-71.64044249999999,47.77,0,272,NULL,"{"sat":10,"carrier":42,"rssi":-89,"modem":79,"hdop":9,"input":254,"ignition":false,"status":0,"event":70,"append":0,"acc0":2080374786,"acc1":0,"distance":0.44,"totalDistance":159.11,"motion":false,"hours":172000}",0,null
5471463,calamp,14,"2021-07-22 14:11:55","2021-07-22 14:11:52","2021-07-22 14:11:52",1,10.5968523,-71.6404386,46.92,0,272,NULL,"{"sat":10,"carrier":42,"rssi":-89,"modem":79,"hdop":9,"input":254,"ignition":false,"status":0,"event":70,"append":0,"acc0":2080374786,"acc1":0,"distance":0.47,"totalDistance":159.58,"motion":false,"hours":172000}",0,null
5471466,calamp,14,"2021-07-22 14:12:05","2021-07-22 14:12:02","2021-07-22 14:12:02",1,10.596853999999999,-71.6404355,46.97,0,272,NULL,"{"sat":10,"carrier":42,"rssi":-89,"modem":79,"hdop":9,"input":254,"ignition":false,"status":0,"event":70,"append":0,"acc0":2080374786,"acc1":0,"distance":0.39,"totalDistance":159.97,"motion":false,"hours":172000}",0,null
5471469,calamp,14,"2021-07-22 14:12:16","2021-07-22 14:12:12","2021-07-22 14:12:12",1,10.5968543,-71.6404353,47.92,0,272,NULL,"{"sat":9,"carrier":42,"rssi":-89,"modem":79,"hdop":11,"input":254,"ignition":false,"status":0,"event":70,"append":0,"acc0":2080374786,"acc1":0,"distance":0.04,"totalDistance":160.01,"motion":false,"hours":172000}",0,null
5471471,calamp,14,"2021-07-22 14:12:26","2021-07-22 14:12:22","2021-07-22 14:12:22",1,10.596852799999999,-71.6404355,47.04,0,272,NULL,"{"sat":10,"carrier":42,"rssi":-89,"modem":79,"hdop":9,"input":254,"ignition":false,"status":0,"event":70,"append":0,"acc0":2080374786,"acc1":0,"distance":0.17,"totalDistance":160.18,"motion":false,"hours":172000}",0,null
5471476,calamp,14,"2021-07-22 14:12:41","2021-07-22 14:12:31","2021-07-22 14:12:31",1,10.596851299999999,-71.6404383,46.97,0,272,NULL,"{"sat":9,"carrier":42,"rssi":-89,"modem":79,"hdop":11,"input":254,"ignition":false,"status":0,"event":60,"append":0,"acc0":2080374786,"acc1":0,"acc2":3485446657,"acc3":0,"acc4":0,"acc5":0,"acc6":0,"acc7":0,"acc8":0,"acc9":0,"acc10":0,"acc11":0,"acc12":0,"acc13":0,"acc14":0,"acc15":0,"distance":0.35,"totalDistance":160.53,"motion":false,"hours":172000}",0,null
5471477,calamp,14,"2021-07-22 14:12:41","2021-07-22 14:12:32","2021-07-22 14:12:32",1,10.596851,-71.6404391,47.07,0.0388769,272,NULL,"{"sat":9,"carrier":42,"rssi":-89,"modem":79,"hdop":11,"input":254,"ignition":false,"status":0,"event":70,"append":0,"acc0":2080374786,"acc1":0,"distance":0.09,"totalDistance":160.62,"motion":true,"hours":172000}",0,null
5471478,calamp,14,"2021-07-22 14:12:44","2021-07-22 14:12:43","2021-07-22 14:12:43",1,10.5968463,-71.640445,49.43,0,272,NULL,"{"sat":10,"carrier":42,"rssi":-89,"modem":79,"hdop":11,"input":254,"ignition":false,"status":0,"event":70,"append":0,"acc0":2080374786,"acc1":0,"distance":0.83,"totalDistance":161.45,"motion":false,"hours":172000}",0,null
5471480,calamp,14,"2021-07-22 14:12:55","2021-07-22 14:12:53","2021-07-22 14:12:53",1,10.5968435,-71.6404491,50.85,0,272,NULL,"{"sat":10,"carrier":42,"rssi":-89,"modem":79,"hdop":9,"input":254,"ignition":false,"status":0,"event":70,"append":0,"acc0":2080374786,"acc1":0,"distance":0.55,"totalDistance":162.0,"motion":false,"hours":172000}",0,null
5471482,calamp,14,"2021-07-22 14:13:05","2021-07-22 14:13:03","2021-07-22 14:13:03",1,10.5968413,-71.6404515,52.19,0,272,NULL,"{"sat":10,"carrier":42,"rssi":-89,"modem":79,"hdop":9,"input":254,"ignition":false,"status":0,"event":70,"append":0,"acc0":2080374786,"acc1":0,"distance":0.36,"totalDistance":162.36,"motion":false,"hours":172000}",0,null
5471485,calamp,14,"2021-07-22 14:13:17","2021-07-22 14:13:13","2021-07-22 14:13:13",1,10.5968436,-71.64045349999999,52.27,0,272,NULL,"{"sat":10,"carrier":42,"rssi":-89,"modem":79,"hdop":9,"input":254,"ignition":false,"status":0,"event":70,"append":0,"acc0":2080374786,"acc1":0,"distance":0.34,"totalDistance":162.7,"motion":false,"hours":172000}",0,null
5471487,calamp,14,"2021-07-22 14:13:25","2021-07-22 14:13:23","2021-07-22 14:13:23",1,10.596845799999999,-71.64044849999999,52.27,0.0388769,272,NULL,"{"sat":10,"carrier":42,"rssi":-89,"modem":79,"hdop":9,"input":254,"ignition":false,"status":0,"event":70,"append":0,"acc0":2080374786,"acc1":0,"distance":0.6,"totalDistance":163.3,"motion":true,"hours":172000}",0,null
5471491,calamp,14,"2021-07-22 14:13:35","2021-07-22 14:13:33","2021-07-22 14:13:33",1,10.5968371,-71.64044,52.81,0,272,NULL,"{"sat":10,"carrier":42,"rssi":-89,"modem":79,"hdop":9,"input":254,"ignition":false,"status":0,"event":70,"append":0,"acc0":2080374786,"acc1":0,"distance":1.34,"totalDistance":164.64,"motion":false,"hours":172000}",0,null
5471493,calamp,14,"2021-07-22 14:13:45","2021-07-22 14:13:43","2021-07-22 14:13:43",1,10.596832,-71.6404318,51.44,0,272,NULL,"{"sat":10,"carrier":42,"rssi":-89,"modem":79,"hdop":11,"input":254,"ignition":false,"status":0,"event":70,"append":0,"acc0":2080374786,"acc1":0,"distance":1.06,"totalDistance":165.7,"motion":false,"hours":172000}",0,null
5471495,calamp,14,"2021-07-22 14:13:55","2021-07-22 14:13:53","2021-07-22 14:13:53",1,10.596828499999999,-71.6404221,48.69,0,272,NULL,"{"sat":10,"carrier":42,"rssi":-89,"modem":79,"hdop":9,"input":254,"ignition":false,"status":0,"event":70,"append":0,"acc0":2080374786,"acc1":0,"distance":1.13,"totalDistance":166.83,"motion":false,"hours":172000}",0,null
5471498,calamp,14,"2021-07-22 14:14:05","2021-07-22 14:14:03","2021-07-22 14:14:03",1,10.5968278,-71.64042599999999,49.18,0,272,NULL,"{"sat":10,"carrier":42,"rssi":-89,"modem":79,"hdop":9,"input":254,"ignition":false,"status":0,"event":70,"append":0,"acc0":2080374786,"acc1":0,"distance":0.43,"totalDistance":167.26,"motion":false,"hours":172000}",0,null
5471500,calamp,14,"2021-07-22 14:14:15","2021-07-22 14:14:13","2021-07-22 14:14:13",1,10.5968251,-71.6404276,48.45,0,272,NULL,"{"sat":10,"carrier":42,"rssi":-89,"modem":79,"hdop":9,"input":254,"ignition":false,"status":0,"event":70,"append":0,"acc0":2080374786,"acc1":0,"distance":0.35,"totalDistance":167.61,"motion":false,"hours":172000}",0,null
5471502,calamp,14,"2021-07-22 14:14:25","2021-07-22 14:14:23","2021-07-22 14:14:23",1,10.5968243,-71.6404246,50.11,0,272,NULL,"{"sat":10,"carrier":42,"rssi":-89,"modem":79,"hdop":9,"input":254,"ignition":false,"status":0,"event":70,"append":0,"acc0":2080374786,"acc1":0,"distance":0.34,"totalDistance":167.95,"motion":false,"hours":172000}",0,null
5471505,calamp,14,"2021-07-22 14:14:35","2021-07-22 14:14:33","2021-07-22 14:14:33",1,10.596830299999999,-71.6404251,50.93,0,272,NULL,"{"sat":10,"carrier":42,"rssi":-89,"modem":79,"hdop":9,"input":254,"ignition":false,"status":0,"event":70,"append":0,"acc0":2080374786,"acc1":0,"distance":0.67,"totalDistance":168.62,"motion":false,"hours":172000}",0,null
5471508,calamp,14,"2021-07-22 14:14:45","2021-07-22 14:14:43","2021-07-22 14:14:43",1,10.5968375,-71.64043,50.12,0,272,NULL,"{"sat":10,"carrier":42,"rssi":-89,"modem":79,"hdop":9,"input":254,"ignition":false,"status":0,"event":70,"append":0,"acc0":2080374786,"acc1":0,"distance":0.96,"totalDistance":169.58,"motion":false,"hours":172000}",0,null
5471510,calamp,14,"2021-07-22 14:14:55","2021-07-22 14:14:53","2021-07-22 14:14:53",1,10.596844299999999,-71.6404325,49.96,0,272,NULL,"{"sat":10,"carrier":42,"rssi":-89,"modem":79,"hdop":9,"input":254,"ignition":false,"status":0,"event":70,"append":0,"acc0":2080374786,"acc1":0,"distance":0.8,"totalDistance":170.38,"motion":false,"hours":172000}",0,null
5471512,calamp,14,"2021-07-22 14:15:03","2021-07-22 14:15:01","2021-07-22 14:15:01",1,10.5968498,-71.64044,48.72,0,272,NULL,"{"sat":10,"carrier":42,"rssi":-89,"modem":79,"hdop":9,"input":254,"ignition":false,"status":0,"event":60,"append":0,"acc0":2080374786,"acc1":0,"acc2":3485446657,"acc3":0,"acc4":0,"acc5":0,"acc6":0,"acc7":0,"acc8":0,"acc9":0,"acc10":0,"acc11":0,"acc12":0,"acc13":0,"acc14":0,"acc15":0,"distance":1.02,"totalDistance":171.4,"motion":false,"hours":172000}",0,null
5471513,calamp,14,"2021-07-22 14:15:05","2021-07-22 14:15:03","2021-07-22 14:15:03",1,10.5968526,-71.6404438,47.93,0.0388769,272,NULL,"{"sat":10,"carrier":42,"rssi":-89,"modem":79,"hdop":9,"input":254,"ignition":false,"status":0,"event":70,"append":0,"acc0":2080374786,"acc1":0,"distance":0.52,"totalDistance":171.92,"motion":true,"hours":172000}",0,null
5471514,calamp,14,"2021-07-22 14:15:15","2021-07-22 14:15:13","2021-07-22 14:15:13",1,10.5968628,-71.6404495,47.05,0,272,NULL,"{"sat":10,"carrier":42,"rssi":-89,"modem":79,"hdop":9,"input":254,"ignition":false,"status":0,"event":70,"append":0,"acc0":2080374786,"acc1":0,"distance":1.3,"totalDistance":173.22,"motion":false,"hours":172000}",0,null
5471515,calamp,14,"2021-07-22 14:15:26","2021-07-22 14:15:23","2021-07-22 14:15:23",1,10.5968688,-71.6404496,49.02,0,272,NULL,"{"sat":10,"carrier":42,"rssi":-89,"modem":79,"hdop":9,"input":254,"ignition":false,"status":0,"event":70,"append":0,"acc0":2080374786,"acc1":0,"distance":0.67,"totalDistance":173.89,"motion":false,"hours":172000}",0,null
5471517,calamp,14,"2021-07-22 14:15:36","2021-07-22 14:15:33","2021-07-22 14:15:33",1,10.596871,-71.64045,50.71,0,272,NULL,"{"sat":10,"carrier":42,"rssi":-89,"modem":79,"hdop":9,"input":254,"ignition":false,"status":0,"event":70,"append":0,"acc0":2080374786,"acc1":0,"distance":0.25,"totalDistance":174.14,"motion":false,"hours":172000}",0,null
5471533,calamp,14,"2021-07-22 14:15:46","2021-07-22 14:15:43","2021-07-22 14:15:43",1,10.596867999999999,-71.6404496,52.21,0.0388769,272,NULL,"{"sat":10,"carrier":42,"rssi":-89,"modem":79,"hdop":9,"input":254,"ignition":false,"status":0,"event":70,"append":0,"acc0":2080374786,"acc1":0,"distance":0.34,"totalDistance":174.48,"motion":true,"hours":172000}",0,null
5471564,calamp,14,"2021-07-22 14:15:56","2021-07-22 14:15:54","2021-07-22 14:15:54",1,10.596865,-71.6404488,52.95,0,272,NULL,"{"sat":10,"carrier":42,"rssi":-89,"modem":79,"hdop":9,"input":254,"ignition":false,"status":0,"event":70,"append":0,"acc0":2080374786,"acc1":0,"distance":0.35,"totalDistance":174.83,"motion":false,"hours":172000}",0,null
5471588,calamp,14,"2021-07-22 14:16:06","2021-07-22 14:16:04","2021-07-22 14:16:04",1,10.596862999999999,-71.64044799999999,51.13,0,272,NULL,"{"sat":10,"carrier":42,"rssi":-89,"modem":79,"hdop":9,"input":254,"ignition":false,"status":0,"event":70,"append":0,"acc0":2080374786,"acc1":0,"distance":0.24,"totalDistance":175.07,"motion":false,"hours":172000}",0,null
5471598,calamp,14,"2021-07-22 14:16:16","2021-07-22 14:16:14","2021-07-22 14:16:14",1,10.5968615,-71.640447,49.62,0,272,NULL,"{"sat":10,"carrier":42,"rssi":-89,"modem":79,"hdop":9,"input":254,"ignition":false,"status":0,"event":70,"append":0,"acc0":2080374786,"acc1":0,"distance":0.2,"totalDistance":175.27,"motion":false,"hours":172000}",0,null
5471600,calamp,14,"2021-07-22 14:16:26","2021-07-22 14:16:24","2021-07-22 14:16:24",1,10.5968623,-71.6404455,46.8,0,272,NULL,"{"sat":10,"carrier":42,"rssi":-89,"modem":79,"hdop":9,"input":254,"ignition":false,"status":0,"event":70,"append":0,"acc0":2080374786,"acc1":0,"distance":0.19,"totalDistance":175.46,"motion":false,"hours":172000}",0,null
5471603,calamp,14,"2021-07-22 14:16:36","2021-07-22 14:16:34","2021-07-22 14:16:34",1,10.596859799999999,-71.6404448,45.01,0.0971922,272,NULL,"{"sat":10,"carrier":42,"rssi":-83,"modem":79,"hdop":9,"input":254,"ignition":false,"status":0,"event":70,"append":0,"acc0":2080374786,"acc1":0,"distance":0.29,"totalDistance":175.75,"motion":true,"hours":172000}",0,null
5471605,calamp,14,"2021-07-22 14:16:46","2021-07-22 14:16:44","2021-07-22 14:16:44",1,10.596859499999999,-71.6404475,44.41,0,272,NULL,"{"sat":9,"carrier":42,"rssi":-83,"modem":79,"hdop":9,"input":254,"ignition":false,"status":0,"event":70,"append":0,"acc0":2080374786,"acc1":0,"distance":0.3,"totalDistance":176.05,"motion":false,"hours":172000}",0,null
5471610,calamp,14,"2021-07-22 14:17:11","2021-07-22 14:16:54","2021-07-22 14:16:54",1,10.5968526,-71.6404488,45.04,0.0388769,272,NULL,"{"sat":10,"carrier":42,"rssi":-83,"modem":79,"hdop":9,"input":254,"ignition":false,"status":0,"event":70,"append":0,"acc0":2080374786,"acc1":0,"distance":0.78,"totalDistance":176.83,"motion":true,"hours":172000}",0,null
5471611,calamp,14,"2021-07-22 14:17:11","2021-07-22 14:17:04","2021-07-22 14:17:04",1,10.5968485,-71.640441,45.24,0,272,NULL,"{"sat":10,"carrier":42,"rssi":-83,"modem":79,"hdop":10,"input":254,"ignition":false,"status":0,"event":70,"append":0,"acc0":2080374786,"acc1":0,"distance":0.97,"totalDistance":177.8,"motion":false,"hours":172000}",0,null
5471612,calamp,14,"2021-07-22 14:17:16","2021-07-22 14:17:14","2021-07-22 14:17:14",1,10.596849599999999,-71.640439,44.12,0,272,NULL,"{"sat":10,"carrier":42,"rssi":-83,"modem":79,"hdop":9,"input":254,"ignition":false,"status":0,"event":70,"append":0,"acc0":2080374786,"acc1":0,"distance":0.25,"totalDistance":178.05,"motion":false,"hours":172000}",0,null
5471614,calamp,14,"2021-07-22 14:17:26","2021-07-22 14:17:24","2021-07-22 14:17:24",1,10.596852499999999,-71.6404383,41.1,0,272,NULL,"{"sat":10,"carrier":42,"rssi":-83,"modem":79,"hdop":9,"input":254,"ignition":false,"status":0,"event":70,"append":0,"acc0":2080374786,"acc1":0,"distance":0.33,"totalDistance":178.38,"motion":false,"hours":172000}",0,null
5471618,calamp,14,"2021-07-22 14:17:33","2021-07-22 14:17:31","2021-07-22 14:17:31",1,10.596853099999999,-71.6404423,40.04,0,272,NULL,"{"sat":10,"carrier":42,"rssi":-83,"modem":79,"hdop":9,"input":254,"ignition":false,"status":0,"event":60,"append":0,"acc0":2080374786,"acc1":0,"acc2":3485446657,"acc3":0,"acc4":0,"acc5":0,"acc6":0,"acc7":0,"acc8":0,"acc9":0,"acc10":0,"acc11":0,"acc12":0,"acc13":0,"acc14":0,"acc15":0,"distance":0.44,"totalDistance":178.82,"motion":false,"hours":172000}",0,null
5471619,calamp,14,"2021-07-22 14:17:36","2021-07-22 14:17:34","2021-07-22 14:17:34",1,10.5968518,-71.6404443,40.25,0.0388769,272,NULL,"{"sat":10,"carrier":42,"rssi":-83,"modem":79,"hdop":9,"input":254,"ignition":false,"status":0,"event":70,"append":0,"acc0":2080374786,"acc1":0,"distance":0.26,"totalDistance":179.08,"motion":true,"hours":172000}",0,null
5471621,calamp,14,"2021-07-22 14:17:46","2021-07-22 14:17:44","2021-07-22 14:17:44",1,10.5968476,-71.6404435,41.23,0,272,NULL,"{"sat":10,"carrier":42,"rssi":-83,"modem":79,"hdop":9,"input":254,"ignition":false,"status":0,"event":70,"append":0,"acc0":2080374786,"acc1":0,"distance":0.48,"totalDistance":179.56,"motion":false,"hours":172000}",0,null
5471623,calamp,14,"2021-07-22 14:17:56","2021-07-22 14:17:54","2021-07-22 14:17:54",1,10.5968418,-71.64043509999999,42.44,0,272,NULL,"{"sat":10,"carrier":42,"rssi":-83,"modem":79,"hdop":9,"input":254,"ignition":false,"status":0,"event":70,"append":0,"acc0":2080374786,"acc1":0,"distance":1.12,"totalDistance":180.68,"motion":false,"hours":172000}",0,null
5471627,calamp,14,"2021-07-22 14:18:07","2021-07-22 14:18:04","2021-07-22 14:18:04",1,10.596842299999999,-71.6404311,41.04,0,272,NULL,"{"sat":10,"carrier":42,"rssi":-83,"modem":79,"hdop":9,"input":254,"ignition":false,"status":0,"event":70,"append":0,"acc0":2080374786,"acc1":0,"distance":0.44,"totalDistance":181.12,"motion":false,"hours":172000}",0,null
5471629,calamp,14,"2021-07-22 14:18:16","2021-07-22 14:18:14","2021-07-22 14:18:14",1,10.5968398,-71.6404258,40.4,0,272,NULL,"{"sat":10,"carrier":42,"rssi":-83,"modem":79,"hdop":9,"input":254,"ignition":false,"status":0,"event":70,"append":0,"acc0":2080374786,"acc1":0,"distance":0.64,"totalDistance":181.76,"motion":false,"hours":172000}",0,null
5471632,calamp,14,"2021-07-22 14:18:27","2021-07-22 14:18:24","2021-07-22 14:18:24",1,10.5968363,-71.6404213,39.73,0,272,NULL,"{"sat":10,"carrier":42,"rssi":-83,"modem":79,"hdop":9,"input":254,"ignition":false,"status":0,"event":70,"append":0,"acc0":2080374786,"acc1":0,"distance":0.63,"totalDistance":182.39,"motion":false,"hours":172000}",0,null
5471634,calamp,14,"2021-07-22 14:18:37","2021-07-22 14:18:34","2021-07-22 14:18:34",1,10.5968371,-71.6404203,40.9,0,272,NULL,"{"sat":11,"carrier":42,"rssi":-83,"modem":79,"hdop":9,"input":254,"ignition":false,"status":0,"event":70,"append":0,"acc0":2080374786,"acc1":0,"distance":0.14,"totalDistance":182.53,"motion":false,"hours":172000}",0,null
5471636,calamp,14,"2021-07-22 14:18:47","2021-07-22 14:18:44","2021-07-22 14:18:44",1,10.5968421,-71.6404256,42.02,0,272,NULL,"{"sat":11,"carrier":42,"rssi":-83,"modem":79,"hdop":9,"input":254,"ignition":false,"status":0,"event":70,"append":0,"acc0":2080374786,"acc1":0,"distance":0.8,"totalDistance":183.33,"motion":false,"hours":172000}",0,null
5471639,calamp,14,"2021-07-22 14:18:57","2021-07-22 14:18:54","2021-07-22 14:18:54",1,10.596847,-71.6404306,42.46,0.0388769,272,NULL,"{"sat":11,"carrier":42,"rssi":-83,"modem":79,"hdop":9,"input":254,"ignition":false,"status":0,"event":70,"append":0,"acc0":2080374786,"acc1":0,"distance":0.77,"totalDistance":184.1,"motion":true,"hours":172000}",0,null
5471641,calamp,14,"2021-07-22 14:19:07","2021-07-22 14:19:04","2021-07-22 14:19:04",1,10.5968483,-71.6404306,42.42,0.0388769,272,NULL,"{"sat":11,"carrier":42,"rssi":-83,"modem":79,"hdop":8,"input":254,"ignition":false,"status":0,"event":70,"append":0,"acc0":2080374786,"acc1":0,"distance":0.14,"totalDistance":184.24,"motion":true,"hours":172000}",0,null
5471643,calamp,14,"2021-07-22 14:19:17","2021-07-22 14:19:15","2021-07-22 14:19:15",1,10.596848,-71.6404196,44.98,0,272,NULL,"{"sat":10,"carrier":42,"rssi":-83,"modem":79,"hdop":9,"input":254,"ignition":false,"status":0,"event":70,"append":0,"acc0":2080374786,"acc1":0,"distance":1.2,"totalDistance":185.44,"motion":false,"hours":172000}",0,null
5471646,calamp,14,"2021-07-22 14:19:27","2021-07-22 14:19:25","2021-07-22 14:19:25",1,10.5968488,-71.64041329999999,45.27,0,272,NULL,"{"sat":10,"carrier":42,"rssi":-83,"modem":79,"hdop":9,"input":254,"ignition":false,"status":0,"event":70,"append":0,"acc0":2080374786,"acc1":0,"distance":0.7,"totalDistance":186.14,"motion":false,"hours":172000}",0,null
5471648,calamp,14,"2021-07-22 14:19:37","2021-07-22 14:19:35","2021-07-22 14:19:35",1,10.5968518,-71.6404158,43.94,0,272,NULL,"{"sat":10,"carrier":42,"rssi":-83,"modem":79,"hdop":9,"input":254,"ignition":false,"status":0,"event":70,"append":0,"acc0":2080374786,"acc1":0,"distance":0.43,"totalDistance":186.57,"motion":false,"hours":172000}",0,null
5471650,calamp,14,"2021-07-22 14:19:47","2021-07-22 14:19:45","2021-07-22 14:19:45",1,10.5968546,-71.640419,42.28,0,272,NULL,"{"sat":10,"carrier":42,"rssi":-83,"modem":79,"hdop":9,"input":254,"ignition":false,"status":0,"event":70,"append":0,"acc0":2080374786,"acc1":0,"distance":0.47,"totalDistance":187.04,"motion":false,"hours":172000}",0,null
5471654,calamp,14,"2021-07-22 14:19:59","2021-07-22 14:19:55","2021-07-22 14:19:55",1,10.5968495,-71.6404218,41.41,0,272,NULL,"{"sat":11,"carrier":42,"rssi":-83,"modem":79,"hdop":8,"input":254,"ignition":false,"status":0,"event":70,"append":0,"acc0":2080374786,"acc1":0,"distance":0.65,"totalDistance":187.69,"motion":false,"hours":172000}",0,null
5471656,calamp,14,"2021-07-22 14:20:02","2021-07-22 14:20:01","2021-07-22 14:20:01",1,10.5968463,-71.6404235,41.4,0,272,NULL,"{"sat":11,"carrier":42,"rssi":-83,"modem":79,"hdop":9,"input":254,"ignition":false,"status":0,"event":60,"append":0,"acc0":2080374786,"acc1":0,"acc2":3485446657,"acc3":0,"acc4":0,"acc5":0,"acc6":0,"acc7":0,"acc8":0,"acc9":0,"acc10":0,"acc11":0,"acc12":0,"acc13":0,"acc14":0,"acc15":0,"distance":0.4,"totalDistance":188.09,"motion":false,"hours":172000}",0,null
5471657,calamp,14,"2021-07-22 14:20:07","2021-07-22 14:20:05","2021-07-22 14:20:05",1,10.596843999999999,-71.64042429999999,41.19,0,272,NULL,"{"sat":11,"carrier":42,"rssi":-83,"modem":79,"hdop":8,"input":254,"ignition":false,"status":0,"event":70,"append":0,"acc0":2080374786,"acc1":0,"distance":0.27,"totalDistance":188.36,"motion":false,"hours":172000}",0,null
5471659,calamp,14,"2021-07-22 14:20:17","2021-07-22 14:20:15","2021-07-22 14:20:15",1,10.5968406,-71.640425,40.45,0,272,NULL,"{"sat":11,"carrier":42,"rssi":-83,"modem":79,"hdop":8,"input":254,"ignition":false,"status":0,"event":70,"append":0,"acc0":2080374786,"acc1":0,"distance":0.39,"totalDistance":188.75,"motion":false,"hours":172000}",0,null
5471664,calamp,14,"2021-07-22 14:20:27","2021-07-22 14:20:25","2021-07-22 14:20:25",1,10.596840799999999,-71.6404235,40.69,0.0388769,272,NULL,"{"sat":11,"carrier":42,"rssi":-83,"modem":79,"hdop":9,"input":254,"ignition":false,"status":0,"event":70,"append":0,"acc0":2080374786,"acc1":0,"distance":0.17,"totalDistance":188.92,"motion":true,"hours":172000}",0,null
5471666,calamp,14,"2021-07-22 14:20:37","2021-07-22 14:20:35","2021-07-22 14:20:35",1,10.596840499999999,-71.6404163,43.02,0,272,NULL,"{"sat":11,"carrier":42,"rssi":-83,"modem":79,"hdop":9,"input":254,"ignition":false,"status":0,"event":70,"append":0,"acc0":2080374786,"acc1":0,"distance":0.79,"totalDistance":189.71,"motion":false,"hours":172000}",0,null
5471668,calamp,14,"2021-07-22 14:20:47","2021-07-22 14:20:45","2021-07-22 14:20:45",1,10.596837599999999,-71.640405,46.3,0,272,NULL,"{"sat":11,"carrier":42,"rssi":-83,"modem":79,"hdop":9,"input":254,"ignition":false,"status":0,"event":70,"append":0,"acc0":2080374786,"acc1":0,"distance":1.28,"totalDistance":190.99,"motion":false,"hours":172000}",0,null
5471671,calamp,14,"2021-07-22 14:20:57","2021-07-22 14:20:56","2021-07-22 14:20:56",1,10.5968336,-71.640396,48.67,0.0388769,272,NULL,"{"sat":11,"carrier":42,"rssi":-83,"modem":79,"hdop":9,"input":254,"ignition":false,"status":0,"event":70,"append":0,"acc0":2080374786,"acc1":0,"distance":1.08,"totalDistance":192.07,"motion":true,"hours":172000}",0,null
5471672,calamp,14,"2021-07-22 14:21:07","2021-07-22 14:21:06","2021-07-22 14:21:06",1,10.596830299999999,-71.6403881,50.61,0,272,NULL,"{"sat":10,"carrier":42,"rssi":-83,"modem":79,"hdop":9,"input":254,"ignition":false,"status":0,"event":70,"append":0,"acc0":2080374786,"acc1":0,"distance":0.94,"totalDistance":193.01,"motion":false,"hours":172000}",0,null
5471673,calamp,14,"2021-07-22 14:21:17","2021-07-22 14:21:16","2021-07-22 14:21:16",1,10.596832299999999,-71.64038579999999,52.97,0.0388769,272,NULL,"{"sat":10,"carrier":42,"rssi":-83,"modem":79,"hdop":9,"input":254,"ignition":false,"status":0,"event":70,"append":0,"acc0":2080374786,"acc1":0,"distance":0.34,"totalDistance":193.35,"motion":true,"hours":172000}",0,null
5471675,calamp,14,"2021-07-22 14:21:29","2021-07-22 14:21:26","2021-07-22 14:21:26",1,10.5968371,-71.6404143,47.47,0.0971922,272,NULL,"{"sat":10,"carrier":42,"rssi":-89,"modem":79,"hdop":9,"input":255,"ignition":true,"status":0,"event":21,"append":0,"acc0":2080374786,"distance":3.16,"totalDistance":196.51,"motion":true,"hours":172000}",0,null
5471677,calamp,14,"2021-07-22 14:21:59","2021-07-22 14:21:56","2021-07-22 14:21:56",1,10.596588299999999,-71.6407553,37.5,6.74514,181,NULL,"{"sat":11,"carrier":42,"rssi":-89,"modem":79,"hdop":9,"input":255,"ignition":true,"status":0,"event":70,"append":0,"acc0":2080374835,"acc1":0,"distance":46.47,"totalDistance":242.98,"motion":true,"hours":202000}",0,null
5471679,calamp,14,"2021-07-22 14:22:28","2021-07-22 14:22:26","2021-07-22 14:22:26",1,10.5964353,-71.640565,42.62,0.427646,350,NULL,"{"sat":10,"carrier":42,"rssi":-83,"modem":79,"hdop":9,"input":255,"ignition":true,"status":0,"event":70,"append":0,"acc0":2080374874,"acc1":0,"distance":26.9,"totalDistance":269.88,"motion":true,"hours":232000}",0,null
5471681,calamp,14,"2021-07-22 14:22:32","2021-07-22 14:22:31","2021-07-22 14:22:31",1,10.596443299999999,-71.6405668,43.74,0.311015,350,NULL,"{"sat":10,"carrier":42,"rssi":-83,"modem":79,"hdop":9,"input":255,"ignition":true,"status":0,"event":60,"append":0,"acc0":2080374874,"acc1":0,"acc2":3485446657,"acc3":0,"acc4":0,"acc5":0,"acc6":0,"acc7":0,"acc8":0,"acc9":0,"acc10":0,"acc11":0,"acc12":0,"acc13":0,"acc14":0,"acc15":0,"distance":0.91,"totalDistance":270.79,"motion":true,"hours":237000}",0,null
5471682,calamp,14,"2021-07-22 14:22:40","2021-07-22 14:22:39","2021-07-22 14:22:39",1,10.5964513,-71.64055909999999,44.54,0.213823,350,NULL,"{"sat":11,"carrier":42,"rssi":-83,"modem":79,"hdop":8,"input":254,"ignition":false,"status":0,"event":20,"append":0,"acc0":2080374874,"distance":1.23,"totalDistance":272.02,"motion":true,"hours":237000}",0,null
5471683,calamp,14,"2021-07-22 14:22:51","2021-07-22 14:22:49","2021-07-22 14:22:49",1,10.5964511,-71.6405546,46.3,0,350,NULL,"{"sat":11,"carrier":42,"rssi":-83,"modem":79,"hdop":8,"input":254,"ignition":false,"status":0,"event":70,"append":0,"acc0":2080374874,"acc1":0,"distance":0.49,"totalDistance":272.51,"motion":false,"hours":237000}",0,null
5471684,calamp,14,"2021-07-22 14:23:01","2021-07-22 14:22:59","2021-07-22 14:22:59",1,10.596455299999999,-71.64055979999999,46.38,0,350,NULL,"{"sat":10,"carrier":42,"rssi":-83,"modem":79,"hdop":10,"input":254,"ignition":false,"status":0,"event":70,"append":0,"acc0":2080374874,"acc1":0,"distance":0.74,"totalDistance":273.25,"motion":false,"hours":237000}",0,null
5471685,calamp,14,"2021-07-22 14:23:11","2021-07-22 14:23:09","2021-07-22 14:23:09",1,10.596458,-71.6405606,44.49,0,350,NULL,"{"sat":10,"carrier":42,"rssi":-83,"modem":79,"hdop":10,"input":254,"ignition":false,"status":0,"event":70,"append":0,"acc0":2080374874,"acc1":0,"distance":0.31,"totalDistance":273.56,"motion":false,"hours":237000}",0,null
5471686,calamp,14,"2021-07-22 14:23:21","2021-07-22 14:23:19","2021-07-22 14:23:19",1,10.596463499999999,-71.6405563,39.52,0,350,NULL,"{"sat":10,"carrier":42,"rssi":-83,"modem":79,"hdop":10,"input":254,"ignition":false,"status":0,"event":70,"append":0,"acc0":2080374874,"acc1":0,"distance":0.77,"totalDistance":274.33,"motion":false,"hours":237000}",0,null
5471687,calamp,14,"2021-07-22 14:23:31","2021-07-22 14:23:29","2021-07-22 14:23:29",1,10.5964698,-71.640565,35.28,0.0388769,350,NULL,"{"sat":10,"carrier":42,"rssi":-83,"modem":79,"hdop":9,"input":254,"ignition":false,"status":0,"event":70,"append":0,"acc0":2080374874,"acc1":0,"distance":1.18,"totalDistance":275.51,"motion":true,"hours":237000}",0,null
5471688,calamp,14,"2021-07-22 14:23:41","2021-07-22 14:23:39","2021-07-22 14:23:39",1,10.5964758,-71.6405728,33.01,0,350,NULL,"{"sat":10,"carrier":42,"rssi":-83,"modem":79,"hdop":9,"input":254,"ignition":false,"status":0,"event":70,"append":0,"acc0":2080374874,"acc1":0,"distance":1.08,"totalDistance":276.59,"motion":false,"hours":237000}",0,null
5471689,calamp,14,"2021-07-22 14:23:51","2021-07-22 14:23:49","2021-07-22 14:23:49",1,10.596484,-71.64058179999999,29.96,0,350,NULL,"{"sat":11,"carrier":42,"rssi":-89,"modem":79,"hdop":8,"input":254,"ignition":false,"status":0,"event":70,"append":0,"acc0":2080374874,"acc1":0,"distance":1.34,"totalDistance":277.93,"motion":false,"hours":237000}",0,null
5471690,calamp,14,"2021-07-22 14:24:03","2021-07-22 14:23:59","2021-07-22 14:23:59",1,10.5964856,-71.6405863,28.79,0,350,NULL,"{"sat":10,"carrier":42,"rssi":-89,"modem":79,"hdop":9,"input":254,"ignition":false,"status":0,"event":70,"append":0,"acc0":2080374874,"acc1":0,"distance":0.52,"totalDistance":278.45,"motion":false,"hours":237000}",0,null
5471691,calamp,14,"2021-07-22 14:24:11","2021-07-22 14:24:09","2021-07-22 14:24:09",1,10.5964753,-71.6405831,35.38,0.0388769,350,NULL,"{"sat":9,"carrier":42,"rssi":-89,"modem":79,"hdop":9,"input":254,"ignition":false,"status":0,"event":70,"append":0,"acc0":2080374874,"acc1":0,"distance":1.2,"totalDistance":279.65,"motion":true,"hours":237000}",0,null
5471692,calamp,14,"2021-07-22 14:24:19","2021-07-22 14:24:17","2021-07-22 14:24:17",1,10.5964586,-71.6405755,43.71,0.0971922,350,NULL,"{"sat":10,"carrier":42,"rssi":-89,"modem":79,"hdop":9,"input":254,"ignition":false,"status":0,"event":83,"append":0,"acc0":2080374874,"acc1":0,"acc2":3485446657,"acc3":0,"acc4":0,"acc5":0,"acc6":0,"acc7":0,"acc8":0,"acc9":0,"acc10":0,"acc11":0,"acc12":0,"acc13":0,"acc14":0,"acc15":0,"distance":2.04,"totalDistance":281.69,"motion":true,"hours":237000}",0,null
5471693,calamp,14,"2021-07-22 14:24:21","2021-07-22 14:24:19","2021-07-22 14:24:19",1,10.596453499999999,-71.6405728,46.28,0,350,NULL,"{"sat":10,"carrier":42,"rssi":-89,"modem":79,"hdop":9,"input":254,"ignition":false,"status":0,"event":70,"append":0,"acc0":2080374874,"acc1":0,"distance":0.64,"totalDistance":282.33,"motion":false,"hours":237000}",0,null
5471694,calamp,14,"2021-07-22 14:24:32","2021-07-22 14:24:29","2021-07-22 14:24:29",1,10.5964408,-71.6405673,52.85,0.0388769,350,NULL,"{"sat":10,"carrier":42,"rssi":-89,"modem":79,"hdop":9,"input":254,"ignition":false,"status":0,"event":70,"append":0,"acc0":2080374874,"acc1":0,"distance":1.54,"totalDistance":283.87,"motion":true,"hours":237000}",0,null
5471695,calamp,14,"2021-07-22 14:24:42","2021-07-22 14:24:39","2021-07-22 14:24:39",1,10.596435,-71.6405671,55.74,0,350,NULL,"{"sat":10,"carrier":42,"rssi":-89,"modem":79,"hdop":10,"input":254,"ignition":false,"status":0,"event":70,"append":0,"acc0":2080374874,"acc1":0,"distance":0.65,"totalDistance":284.52,"motion":false,"hours":237000}",0,null
5471696,calamp,14,"2021-07-22 14:24:52","2021-07-22 14:24:49","2021-07-22 14:24:49",1,10.596427799999999,-71.6405703,56.22,0,350,NULL,"{"sat":10,"carrier":42,"rssi":-89,"modem":79,"hdop":10,"input":254,"ignition":false,"status":0,"event":70,"append":0,"acc0":2080374874,"acc1":0,"distance":0.87,"totalDistance":285.39,"motion":false,"hours":237000}",0,null
5471697,calamp,14,"2021-07-22 14:25:02","2021-07-22 14:24:59","2021-07-22 14:24:59",1,10.5964185,-71.640571,54.78,0,350,NULL,"{"sat":9,"carrier":42,"rssi":-89,"modem":79,"hdop":10,"input":254,"ignition":false,"status":0,"event":70,"append":0,"acc0":2080374874,"acc1":0,"distance":1.04,"totalDistance":286.43,"motion":false,"hours":237000}",0,null
5471698,calamp,14,"2021-07-22 14:25:03","2021-07-22 14:25:01","2021-07-22 14:25:01",1,10.5964168,-71.6405705,54.57,0,350,NULL,"{"sat":9,"carrier":42,"rssi":-89,"modem":79,"hdop":10,"input":254,"ignition":false,"status":0,"event":60,"append":0,"acc0":2080374874,"acc1":0,"acc2":3485446657,"acc3":0,"acc4":0,"acc5":0,"acc6":0,"acc7":0,"acc8":0,"acc9":0,"acc10":0,"acc11":0,"acc12":0,"acc13":0,"acc14":0,"acc15":0,"distance":0.2,"totalDistance":286.63,"motion":false,"hours":237000}",0,null
5471702,calamp,14,"2021-07-22 14:25:12","2021-07-22 14:25:09","2021-07-22 14:25:09",1,10.596409,-71.6405655,54.08,0,350,NULL,"{"sat":10,"carrier":42,"rssi":-89,"modem":79,"hdop":10,"input":254,"ignition":false,"status":0,"event":70,"append":0,"acc0":2080374874,"acc1":0,"distance":1.03,"totalDistance":287.66,"motion":false,"hours":237000}",0,null
5471703,calamp,14,"2021-07-22 14:25:23","2021-07-22 14:25:20","2021-07-22 14:25:20",1,10.596410599999999,-71.6405608,50.46,0.0388769,350,NULL,"{"sat":11,"carrier":42,"rssi":-89,"modem":79,"hdop":8,"input":254,"ignition":false,"status":0,"event":70,"append":0,"acc0":2080374874,"acc1":0,"distance":0.54,"totalDistance":288.2,"motion":true,"hours":237000}",0,null
5471704,calamp,14,"2021-07-22 14:25:32","2021-07-22 14:25:30","2021-07-22 14:25:30",1,10.5964318,-71.64057199999999,42.33,0,350,NULL,"{"sat":11,"carrier":42,"rssi":-89,"modem":79,"hdop":8,"input":254,"ignition":false,"status":0,"event":70,"append":0,"acc0":2080374874,"acc1":0,"distance":2.66,"totalDistance":290.86,"motion":false,"hours":237000}",0,null
5471707,calamp,14,"2021-07-22 14:25:42","2021-07-22 14:25:40","2021-07-22 14:25:40",1,10.5964513,-71.64058,38.64,0,350,NULL,"{"sat":11,"carrier":42,"rssi":-89,"modem":79,"hdop":8,"input":254,"ignition":false,"status":0,"event":70,"append":0,"acc0":2080374874,"acc1":0,"distance":2.34,"totalDistance":293.2,"motion":false,"hours":237000}",0,null
5471720,calamp,14,"2021-07-22 14:25:52","2021-07-22 14:25:50","2021-07-22 14:25:50",1,10.5964651,-71.6405771,35.37,0,350,NULL,"{"sat":11,"carrier":42,"rssi":-89,"modem":79,"hdop":8,"input":254,"ignition":false,"status":0,"event":70,"append":0,"acc0":2080374874,"acc1":0,"distance":1.57,"totalDistance":294.77,"motion":false,"hours":237000}",0,null
5471722,calamp,14,"2021-07-22 14:26:02","2021-07-22 14:26:00","2021-07-22 14:26:00",1,10.596472799999999,-71.6405728,33.05,0,350,NULL,"{"sat":11,"carrier":42,"rssi":-89,"modem":79,"hdop":8,"input":254,"ignition":false,"status":0,"event":70,"append":0,"acc0":2080374874,"acc1":0,"distance":0.98,"totalDistance":295.75,"motion":false,"hours":237000}",0,null
5471725,calamp,14,"2021-07-22 14:26:12","2021-07-22 14:26:10","2021-07-22 14:26:10",1,10.5964788,-71.6405745,31.7,0,350,NULL,"{"sat":10,"carrier":42,"rssi":-89,"modem":79,"hdop":9,"input":254,"ignition":false,"status":0,"event":70,"append":0,"acc0":2080374874,"acc1":0,"distance":0.69,"totalDistance":296.44,"motion":false,"hours":237000}",0,null
5471727,calamp,14,"2021-07-22 14:26:22","2021-07-22 14:26:21","2021-07-22 14:26:21",1,10.596482799999999,-71.64057609999999,30.72,0,350,NULL,"{"sat":10,"carrier":42,"rssi":-89,"modem":79,"hdop":9,"input":254,"ignition":false,"status":0,"event":70,"append":0,"acc0":2080374874,"acc1":0,"distance":0.48,"totalDistance":296.92,"motion":false,"hours":237000}",0,null
5471729,calamp,14,"2021-07-22 14:26:32","2021-07-22 14:26:31","2021-07-22 14:26:31",1,10.596486299999999,-71.6405813,28.02,0,350,NULL,"{"sat":10,"carrier":42,"rssi":-89,"modem":79,"hdop":9,"input":254,"ignition":false,"status":0,"event":70,"append":0,"acc0":2080374874,"acc1":0,"distance":0.69,"totalDistance":297.61,"motion":false,"hours":237000}",0,null
5471731,calamp,14,"2021-07-22 14:26:42","2021-07-22 14:26:41","2021-07-22 14:26:41",1,10.596488299999999,-71.6405875,26.07,0,350,NULL,"{"sat":9,"carrier":42,"rssi":-89,"modem":79,"hdop":10,"input":254,"ignition":false,"status":0,"event":70,"append":0,"acc0":2080374874,"acc1":0,"distance":0.71,"totalDistance":298.32,"motion":false,"hours":237000}",0,null
5471734,calamp,14,"2021-07-22 14:26:52","2021-07-22 14:26:51","2021-07-22 14:26:51",1,10.5964891,-71.6405925,26.68,0,350,NULL,"{"sat":9,"carrier":42,"rssi":-89,"modem":79,"hdop":10,"input":254,"ignition":false,"status":0,"event":70,"append":0,"acc0":2080374874,"acc1":0,"distance":0.55,"totalDistance":298.87,"motion":false,"hours":237000}",0,null
5471736,calamp,14,"2021-07-22 14:27:02","2021-07-22 14:27:01","2021-07-22 14:27:01",1,10.5964911,-71.64059759999999,27.7,0,350,NULL,"{"sat":10,"carrier":42,"rssi":-89,"modem":79,"hdop":9,"input":254,"ignition":false,"status":0,"event":70,"append":0,"acc0":2080374874,"acc1":0,"distance":0.6,"totalDistance":299.47,"motion":false,"hours":237000}",0,null
5471739,calamp,14,"2021-07-22 14:27:12","2021-07-22 14:27:11","2021-07-22 14:27:11",1,10.596494,-71.640604,28.87,0,350,NULL,"{"sat":10,"carrier":42,"rssi":-89,"modem":79,"hdop":9,"input":254,"ignition":false,"status":0,"event":70,"append":0,"acc0":2080374874,"acc1":0,"distance":0.77,"totalDistance":300.24,"motion":false,"hours":237000}",0,null
5471742,calamp,14,"2021-07-22 14:27:23","2021-07-22 14:27:21","2021-07-22 14:27:21",1,10.5964913,-71.64059929999999,31.98,0,350,NULL,"{"sat":9,"carrier":42,"rssi":-89,"modem":79,"hdop":10,"input":254,"ignition":false,"status":0,"event":70,"append":0,"acc0":2080374874,"acc1":0,"distance":0.6,"totalDistance":300.84,"motion":false,"hours":237000}",0,null
5471744,calamp,14,"2021-07-22 14:27:33","2021-07-22 14:27:31","2021-07-22 14:27:31",1,10.5964843,-71.6405918,36.12,0,350,NULL,"{"sat":9,"carrier":42,"rssi":-89,"modem":79,"hdop":10,"input":254,"ignition":false,"status":0,"event":70,"append":0,"acc0":2080374874,"acc1":0,"distance":1.13,"totalDistance":301.97,"motion":false,"hours":237000}",0,null
5471745,calamp,14,"2021-07-22 14:27:33","2021-07-22 14:27:31","2021-07-22 14:27:31",1,10.5964843,-71.6405916,36.21,0,350,NULL,"{"sat":9,"carrier":42,"rssi":-89,"modem":79,"hdop":10,"input":254,"ignition":false,"status":0,"event":60,"append":0,"acc0":2080374874,"acc1":0,"acc2":3485446657,"acc3":0,"acc4":0,"acc5":0,"acc6":0,"acc7":0,"acc8":0,"acc9":0,"acc10":0,"acc11":0,"acc12":0,"acc13":0,"acc14":0,"acc15":0,"distance":0.02,"totalDistance":301.99,"motion":false,"hours":237000}",0,null
5471748,calamp,14,"2021-07-22 14:27:42","2021-07-22 14:27:39","2021-07-22 14:27:39",1,10.596481299999999,-71.6405896,37.88,0,350,NULL,"{"sat":9,"carrier":42,"rssi":-89,"modem":79,"hdop":10,"input":254,"ignition":false,"status":0,"event":40,"append":0,"acc0":2080374874,"acc1":0,"acc2":3485446657,"acc3":0,"acc4":0,"acc5":0,"acc6":0,"acc7":0,"acc8":0,"acc9":0,"acc10":0,"acc11":0,"acc12":0,"acc13":0,"acc14":0,"acc15":0,"distance":0.4,"totalDistance":302.39,"motion":false,"hours":237000}",0,null
